No,Date,Time,"PA of Inning","Pitch of PA",Pitcher,"Pitcher ID","Pitcher Handedness","Pitcher Team",Batter,"Batter ID","Batter Handedness","Batter Team","Pitch Set",Col15,Top/Bottom,Col17,Col18,Col19,"Pitch Type",Col21,"Pitch Call",Col23,Col24,Col25,Col26,Col27,Notes,"Pitch Speed [m/s]","Pitch Launch (V) [°]","Pitch Launch (H) [°]","Pitch Spin [rpm]","Pitch Spin Direction [°]","Pitch Spin Tilt","Pitch Release Height [m]","Pitch Release Side [m]","Pitch Extension [m]","Pitch Break (V) [m]","Pitch Break Ind (V) [m]","Pitch Break (H) [m]","Pitch Strike Zone - Height [m]","Pitch Strike Zone - Offset [m]","Pitch Zone Speed [m/s]","Pitch Approach (V) [°]","Pitch Approach (H) [°]","Pitch Time [s]","Hit Ball Speed [m/s]","Hit Ball Launch (V) [°]","Hit Ball Launch (H) [°]","Hit Spin [rpm]",Col51,Col52,Col53,"Hit Carry Distance [m]",Col55,Col56,"Hit Ball Flight Time [s]","pfxx [m]","pfxz [m]","x0 [m]","y0 [m]","z0 [m]","vx0 [m/s]","vy0 [m/s]","vz0 [m/s]","ax [m/s²]","ay [m/s²]","az [m/s²]","Home Team","Away Team",Col71,Col72,Col73,Col74,GUID,"px [m]","pz [m]",Supervisor
1,2021/09/12,12:06:28,0,0,"Caden Richards",{4EC7DFE0-055C-4481-A0F1-E7DFEEBB9A13},R,"Coe College","Jack Allison",{258C8E8B-E0A5-44C0-81F8-A6FFFF79EAFE},R,"Coe College","Wind Up",,Top,,,,"Four Seam Fastball",,Ball,,,,,,,35.607,-0.865,-0.877,1890.00,192.146,12:30,1.656,0.503,1.268,-0.755,0.403,0.092,0.648,0.339,32.807,-6.246,-0.221,0.491,,,,,,,,,,,,-0.052,0.221,-0.475,15.240,1.617,0.498,-35.278,-0.874,-0.855,6.113,-6.178,"Coe College","Coe College",,,,,{98CCA204-59D2-494B-BCDA-C85CFE832877},-0.339,0.648
2,2021/09/12,12:06:43,0,0,"Caden Richards",{4EC7DFE0-055C-4481-A0F1-E7DFEEBB9A13},R,"Coe College","Jack Allison",{258C8E8B-E0A5-44C0-81F8-A6FFFF79EAFE},R,"Coe College","Wind Up",,Top,,,,"Four Seam Fastball",,"Called Strike",,,,,,,35.701,-1.049,-3.250,1920.00,209.703,1:0,1.587,0.509,1.313,-0.764,0.394,0.238,0.517,-0.201,32.756,-6.507,-1.547,0.491,,,,,,,,,,,,-0.142,0.219,-0.405,15.240,1.544,1.893,-35.194,-0.984,-2.320,6.085,-6.238,"Coe College","Coe College",,,,,{504274A3-083B-4DFA-8C08-7AC1868587C9},0.201,0.517
3,2021/09/12,12:07:01,0,0,"Caden Richards",{4EC7DFE0-055C-4481-A0F1-E7DFEEBB9A13},R,"Coe College","Jack Allison",{258C8E8B-E0A5-44C0-81F8-A6FFFF79EAFE},R,"Coe College","Wind Up",,Top,,,,Curveball,,Ball,,,,,,,30.073,3.921,-1.964,1738.00,90.194,9:0,1.565,0.561,1.244,-1.682,-0.042,-0.157,1.032,-0.171,27.532,-8.093,-3.091,0.586,,,,,,,,,,,,0.065,-0.028,-0.492,15.240,1.678,1.079,-29.700,1.394,0.752,4.768,-10.128,"Coe College","Coe College",,,,,{D206531D-A866-4007-B7F1-7BAA428877E5},0.171,1.032
4,2021/09/12,12:07:23,0,0,"Caden Richards",{4EC7DFE0-055C-4481-A0F1-E7DFEEBB9A13},R,"Coe College","Jack Allison",{258C8E8B-E0A5-44C0-81F8-A6FFFF79EAFE},R,"Coe College","Wind Up",,Top,,,,"Four Seam Fastball",,"Contact Out",,,,,,,35.353,0.061,-2.149,2002.00,214.164,1:15,1.572,0.577,1.293,-0.825,0.353,0.261,0.765,0.211,32.250,-5.854,-0.275,0.496,29.361,51.598,18.645,,,,,72.694,,,5.161,-0.148,0.195,-0.509,15.240,1.565,1.195,-34.908,-0.327,-2.354,6.394,-6.701,"Coe College","Coe College",,,,,{3F87270D-7B8F-4B3B-BBF1-9F62015FE7F8},-0.211,0.765
5,2021/09/12,12:07:59,0,0,"Caden Richards",{4EC7DFE0-055C-4481-A0F1-E7DFEEBB9A13},R,"Coe College","Nolan Cavanaugh",{9AFDA1EE-B1E1-4EEA-8A35-92D08D9FA3B1},R,"Coe College","Wind Up",,Top,,,,"Four Seam Fastball",,Ball,,,,,,,36.309,-0.033,-3.774,2053.00,214.598,1:15,1.589,0.550,1.341,-0.705,0.413,0.305,0.874,-0.245,33.005,-5.100,-1.578,0.483,,,,,,,,,,,,-0.182,0.226,-0.430,15.240,1.580,2.223,-35.749,-0.333,-3.052,6.689,-6.025,"Coe College","Coe College",,,,,{4A2541BC-4B32-4E73-BF1B-2F2B47A822FB},0.245,0.874
6,2021/09/12,12:08:26,0,0,"Caden Richards",{4EC7DFE0-055C-4481-A0F1-E7DFEEBB9A13},R,"Coe College","Nolan Cavanaugh",{9AFDA1EE-B1E1-4EEA-8A35-92D08D9FA3B1},R,"Coe College","Wind Up",,Top,,,,Curveball,,"Called Strike",,,,,,,30.177,4.260,-1.949,1715.00,53.002,7:45,1.492,0.675,1.212,-1.795,-0.152,-0.144,0.948,-0.041,27.564,-8.538,-2.978,0.587,,,,,,,,,,,,0.058,-0.086,-0.605,15.240,1.617,1.067,-29.723,1.521,0.671,4.809,-10.794,"Coe College","Coe College",,,,,{5A9691BB-9498-46EC-BC60-D049C8535663},0.041,0.948
7,2021/09/12,12:08:56,0,0,"Caden Richards",{4EC7DFE0-055C-4481-A0F1-E7DFEEBB9A13},R,"Coe College","Nolan Cavanaugh",{9AFDA1EE-B1E1-4EEA-8A35-92D08D9FA3B1},R,"Coe College","Wind Up",,Top,,,,Changeup,,Ball,,,,,,,31.825,-1.722,-2.195,1408.00,219.170,1:15,1.581,0.495,1.412,-1.195,0.241,0.218,,,29.532,-10.244,-0.625,,,,,,,,,,,,,-0.126,0.149,-0.429,15.240,1.515,1.123,-31.439,-1.400,-1.646,4.861,-7.868,"Coe College","Coe College",,,,,{0DAA14F2-6AC1-4E5F-A706-B205FCB93DA2},-0.076,-0.114
8,2021/09/12,12:09:28,0,0,"Caden Richards",{4EC7DFE0-055C-4481-A0F1-E7DFEEBB9A13},R,"Coe College","Nolan Cavanaugh",{9AFDA1EE-B1E1-4EEA-8A35-92D08D9FA3B1},R,"Coe College","Wind Up",,Top,,,,"Four Seam Fastball",,"Swinging Strike",,,,,,,36.817,-0.066,-2.186,2094.00,236.496,2:0,1.515,0.485,1.306,-0.833,0.254,0.422,0.663,0.270,33.665,-6.030,0.847,0.476,,,,,,,,,,,,-0.230,0.143,-0.418,15.240,1.503,1.194,-36.323,-0.423,-3.979,6.711,-7.336,"Coe College","Coe College",,,,,{70614517-A633-432B-A62F-CD144D5FA890},-0.270,0.663
9,2021/09/12,12:12:00,0,0,"Tyce Johnson",{B6B7971A-4CB1-424E-89E8-FAAE626F4C89},R,"Coe College","Will  Young",{01EB9425-A76F-48A8-BAB3-C7F0EC906AD4},L,"Coe College","Wind Up",,Bottom,,,,"Four Seam Fastball",,"Foul Ball",,,,,,,37.729,-0.867,-4.473,2167.00,229.773,1:45,1.557,1.079,1.607,-0.722,0.280,0.358,0.586,0.154,34.494,-6.125,-1.863,0.457,,,,,,,,,,,,-0.219,0.165,-0.957,15.240,1.527,2.762,-37.174,-0.859,-3.973,6.983,-6.806,"Coe College","Coe College",,,,,{3148C92C-1E98-4774-BF47-733816FA9589},-0.154,0.586
10,2021/09/12,12:12:17,0,0,"Tyce Johnson",{B6B7971A-4CB1-424E-89E8-FAAE626F4C89},R,"Coe College","Will  Young",{01EB9425-A76F-48A8-BAB3-C7F0EC906AD4},L,"Coe College","Wind Up",,Bottom,,,,"Four Seam Fastball",,"Called Strike",,,,,,,37.684,-1.680,-3.604,,208.664,1:0,1.643,0.957,1.599,-0.608,0.394,0.231,0.553,0.155,34.300,-6.116,-1.913,0.459,,,,,,,,,,,,-0.148,0.235,-0.858,15.240,1.591,2.246,-37.163,-1.340,-2.666,7.403,-5.568,"Coe College","Coe College",,,,,{43F066EA-29F1-41C5-ADF2-8B7E1AA85EDD},-0.155,0.553
11,2021/09/12,12:12:17,0,0,"Tyce Johnson",{B6B7971A-4CB1-424E-89E8-FAAE626F4C89},R,"Coe College","Will  Young",{01EB9425-A76F-48A8-BAB3-C7F0EC906AD4},L,"Coe College","Wind Up",,Bottom,,,,"Four Seam Fastball",,,,,,,,,37.685,-1.669,-3.692,2279.00,211.082,1:0,1.642,0.963,1.600,-0.610,0.393,0.254,0.553,0.158,34.301,-6.120,-1.836,0.459,,,,,,,,,,,,-0.160,0.234,-0.862,15.240,1.590,2.295,-37.161,-1.334,-2.891,7.393,-5.588,"Coe College","Coe College",,,,,{43F066EA-29F1-41C5-ADF2-8B7E1AA85EDD},-0.158,0.553
12,2021/09/12,12:13:03,0,0,"Tyce Johnson",{B6B7971A-4CB1-424E-89E8-FAAE626F4C89},R,"Coe College","Joey Sartain",{93C73A6B-2679-498F-90CE-7CA6D97FF73B},R,"Coe College","Wind Up",,Bottom,,,,Slider,,Single,,,,,,,30.232,0.864,-1.588,2060.00,122.341,10:0,1.615,0.822,1.518,-1.397,0.164,-0.400,0.466,-0.035,27.043,-9.395,-4.551,0.580,51.745,-12.055,-6.854,,,,,2.942,,,0.068,0.195,0.125,-0.772,15.240,1.627,0.962,-29.899,-0.013,2.203,6.299,-8.396,"Coe College","Coe College",,,,,{195966B7-D14E-40AE-BC6E-B8122814ABF3},0.035,0.466
13,2021/09/12,12:13:40,0,0,"Tyce Johnson",{B6B7971A-4CB1-424E-89E8-FAAE626F4C89},R,"Coe College","Daniel Hawes",{FA841584-9742-4351-A30A-4D84AAB259FD},R,"Coe College","Wind Up",,Bottom,,,,"Four Seam Fastball",,"Called Strike",,,,,,,37.520,-0.495,-4.567,2167.00,218.378,1:15,1.560,0.776,1.624,-0.643,0.366,0.314,0.776,-0.219,34.078,-5.197,-2.270,0.460,,,,,,,,,,,,-0.199,0.213,-0.653,15.240,1.541,2.830,-36.998,-0.578,-3.557,7.392,-6.007,"Coe College","Coe College",,,,,{9492C791-8CA4-428F-9D35-A3A0F4798101},0.219,0.776
14,2021/09/12,12:13:56,0,0,"Tyce Johnson",{B6B7971A-4CB1-424E-89E8-FAAE626F4C89},R,"Coe College","Daniel Hawes",{FA841584-9742-4351-A30A-4D84AAB259FD},R,"Coe College","Wind Up",,Bottom,,,,"Four Seam Fastball",,Ball,,,,,,,38.027,-1.391,-5.507,2196.00,237.909,2:0,1.421,0.838,1.645,-0.782,0.201,0.353,0.240,-0.386,34.904,-7.079,-2.934,0.452,,,,,,,,,,,,-0.223,0.126,-0.691,15.240,1.377,3.469,-37.458,-1.230,-4.125,6.973,-7.473,"Coe College","Coe College",,,,,{823EA930-766C-455E-B728-81AD39F1BABF},0.386,0.240
15,2021/09/12,12:14:14,0,0,"Tyce Johnson",{B6B7971A-4CB1-424E-89E8-FAAE626F4C89},R,"Coe College","Daniel Hawes",{FA841584-9742-4351-A30A-4D84AAB259FD},R,"Coe College","Wind Up",,Bottom,,,,"Four Seam Fastball",,"Called Strike",,,,,,,37.739,0.688,-3.422,2091.00,229.674,1:45,1.416,0.836,1.744,-0.722,0.256,0.331,0.890,0.195,34.448,-4.629,-0.979,0.452,,,,,,,,,,,,-0.201,0.146,-0.751,15.240,1.428,2.106,-37.325,0.174,-3.675,7.244,-7.149,"Coe College","Coe College",,,,,{DAA308DE-1E8A-48A8-A2B0-009ECD4F8589},-0.195,0.890
16,2021/09/12,12:14:34,0,0,"Tyce Johnson",{B6B7971A-4CB1-424E-89E8-FAAE626F4C89},R,"Coe College","Daniel Hawes",{FA841584-9742-4351-A30A-4D84AAB259FD},R,"Coe College","Wind Up",,Bottom,,,,"Four Seam Fastball",,Ball,,,,,,,38.838,-3.553,-4.351,2263.00,195.267,12:30,1.571,0.818,1.633,-0.335,0.603,0.171,0.216,-0.256,35.484,-5.995,-3.099,0.443,,,,,,,,,,,,-0.121,0.357,-0.700,15.240,1.471,2.847,-38.347,-2.527,-2.333,7.724,-2.931,"Coe College","Coe College",,,,,{6070E2ED-F257-4785-BDE9-B9436A67BC6F},0.256,0.216
17,2021/09/12,12:14:51,0,0,"Tyce Johnson",{B6B7971A-4CB1-424E-89E8-FAAE626F4C89},R,"Coe College","Daniel Hawes",{FA841584-9742-4351-A30A-4D84AAB259FD},R,"Coe College","Wind Up",,Bottom,,,,"Four Seam Fastball",,"Foul Ball",,,,,,,38.109,-3.011,-3.258,2269.00,201.424,12:45,1.689,0.800,1.590,-0.364,0.618,0.253,0.460,0.118,34.687,-5.663,-1.411,0.454,,,,,,,,,,,,-0.156,0.361,-0.711,15.240,1.601,2.034,-37.567,-2.130,-2.881,7.444,-3.147,"Coe College","Coe College",,,,,{D38AD17D-E0D7-49FA-B514-D69239A0D091},-0.118,0.460
18,2021/09/12,12:15:17,0,0,"Tyce Johnson",{B6B7971A-4CB1-424E-89E8-FAAE626F4C89},R,"Coe College","Daniel Hawes",{FA841584-9742-4351-A30A-4D84AAB259FD},R,"Coe College","Wind Up",,Bottom,,,,Slider,,"Contact Out",,,,,,,30.919,1.836,-2.351,2204.00,86.291,9:0,1.490,0.844,1.588,-1.558,-0.075,-0.474,0.459,-0.303,28.466,-9.475,-5.812,0.558,,,,,,,,,,,,0.232,-0.030,-0.774,15.240,1.528,1.416,-30.616,0.458,2.821,5.303,-10.170,"Coe College","Coe College",,,,,{8F83550E-42CF-4595-B958-629C735F5481},0.303,0.459
19,2021/09/12,12:15:56,0,0,"Tyce Johnson",{B6B7971A-4CB1-424E-89E8-FAAE626F4C89},R,"Coe College","Gavin Guns",{5BEB1002-521D-49A3-A37D-35A7C73A3180},R,"Coe College","Wind Up",,Bottom,,,,Curveball,,Ball,,,,,,,31.511,3.348,-4.983,1164.00,47.133,7:30,1.398,0.895,1.651,-1.668,-0.231,-0.211,0.691,-0.743,28.982,-8.761,-6.520,0.548,,,,,,,,,,,,0.077,-0.127,-0.758,15.240,1.475,2.772,-30.982,1.266,0.966,5.065,-11.400,"Coe College","Coe College",,,,,{9B09F9FD-31DD-417D-88B2-6692199047DF},0.743,0.691
20,2021/09/12,12:16:13,0,0,"Tyce Johnson",{B6B7971A-4CB1-424E-89E8-FAAE626F4C89},R,"Coe College","Gavin Guns",{5BEB1002-521D-49A3-A37D-35A7C73A3180},R,"Coe College","Wind Up",,Bottom,,,,Curveball,,Ball,,,,,,,30.244,0.581,-2.465,2073.00,70.307,8:15,1.493,0.709,1.682,-1.781,-0.247,-0.528,,,27.906,-12.366,-6.361,,,,,,,,,,,,,0.262,-0.106,-0.640,15.240,1.494,1.453,-29.927,-0.250,3.018,5.459,-11.024,"Coe College","Coe College",,,,,{7D96CC12-AD7E-4783-A5E2-2B0AEBCBFAD4},0.522,-0.123
21,2021/09/12,12:16:34,0,0,"Tyce Johnson",{B6B7971A-4CB1-424E-89E8-FAAE626F4C89},R,"Coe College","Gavin Guns",{5BEB1002-521D-49A3-A37D-35A7C73A3180},R,"Coe College","Wind Up",,Bottom,,,,"Four Seam Fastball",,Ball,,,,,,,37.538,-2.784,-3.427,2028.00,215.278,1:15,1.558,0.870,1.617,-0.500,0.504,0.371,0.259,0.260,34.477,-6.422,-0.716,0.457,,,,,,,,,,,,-0.219,0.296,-0.778,15.240,1.476,2.072,-37.116,-2.011,-3.961,6.889,-4.448,"Coe College","Coe College",,,,,{9B3342D9-A9FC-4448-881C-534F3A7154C2},-0.260,0.259
22,2021/09/12,12:16:46,0,0,"Tyce Johnson",{B6B7971A-4CB1-424E-89E8-FAAE626F4C89},R,"Coe College","Gavin Guns",{5BEB1002-521D-49A3-A37D-35A7C73A3180},R,"Coe College","Wind Up",,Bottom,,,,"Four Seam Fastball",,"Foul Ball",,,,,,,37.097,-1.344,-5.089,2026.00,204.934,12:45,1.589,0.944,1.662,-0.555,0.471,0.229,0.649,-0.283,34.091,-5.386,-3.422,0.462,,,,,,,,,,,,-0.154,0.269,-0.809,15.240,1.548,3.173,-36.633,-1.081,-2.731,6.553,-5.046,"Coe College","Coe College",,,,,{2CFDC1C6-6C70-44E5-95ED-700640E2A7F6},0.283,0.649
23,2021/09/12,12:17:01,0,0,"Tyce Johnson",{B6B7971A-4CB1-424E-89E8-FAAE626F4C89},R,"Coe College","Gavin Guns",{5BEB1002-521D-49A3-A37D-35A7C73A3180},R,"Coe College","Wind Up",,Bottom,,,,,,,,,,,,,37.774,0.746,-4.080,2150.00,306.203,4:15,1.365,0.926,1.636,-1.237,-0.239,0.309,0.342,0.067,35.001,-8.206,-1.835,0.454,,,,,,,,,,,,-0.187,-0.124,-0.817,15.240,1.375,2.530,-37.227,-0.016,-3.447,6.314,-12.080,"Coe College","Coe College",,,,,{963FBB05-1440-447E-96B7-C8A0083D7AEC},-0.067,0.342
24,2021/09/12,12:17:14,0,0,"Tyce Johnson",{B6B7971A-4CB1-424E-89E8-FAAE626F4C89},R,"Coe College","Gavin Guns",{5BEB1002-521D-49A3-A37D-35A7C73A3180},R,"Coe College","Wind Up",,Bottom,,,,"Four Seam Fastball",,"Contact Out",,,,,,,38.132,-0.324,-4.847,1076.00,259.828,2:45,1.424,0.896,1.679,-0.930,0.040,0.357,0.401,-0.131,34.949,-7.114,-2.234,0.450,33.269,28.223,12.788,,,,,87.289,,,4.023,-0.222,0.036,-0.770,15.240,1.408,3.045,-37.585,-0.583,-4.129,7.150,-9.135,"Coe College","Coe College",,,,,{639F155B-77CC-49DD-89D4-4A8FE6A7B8E2},0.131,0.401
25,2021/09/12,12:17:47,0,0,"Tyce Johnson",{B6B7971A-4CB1-424E-89E8-FAAE626F4C89},R,"Coe College","Ryan Davis",{085A7B23-945D-4FAE-AE6C-E8B9B27C0A9B},R,"Coe College","Wind Up",,Bottom,,,,"Four Seam Fastball",,"Swinging Strike",,,,,,,38.014,-1.170,-3.488,2183.00,204.533,12:45,1.568,0.901,1.616,-0.624,0.357,0.176,0.609,0.077,34.625,-5.727,-2.200,0.454,,,,,,,,,,,,-0.118,0.212,-0.806,15.240,1.530,2.216,-37.540,-1.023,-2.170,7.564,-5.911,"Coe College","Coe College",,,,,{F36FF773-11B9-46DB-BB2B-EE47B757C7D4},-0.077,0.609
26,2021/09/12,12:18:02,0,0,"Tyce Johnson",{B6B7971A-4CB1-424E-89E8-FAAE626F4C89},R,"Coe College","Ryan Davis",{085A7B23-945D-4FAE-AE6C-E8B9B27C0A9B},R,"Coe College","Wind Up",,Bottom,,,,Changeup,,"Swinging Strike",,,,,,,34.653,0.980,-4.507,1648.00,257.168,2:30,1.466,0.837,1.635,-1.103,0.080,0.468,0.645,0.014,31.773,-7.052,-1.090,0.496,,,,,,,,,,,,-0.277,0.049,-0.717,15.240,1.484,2.521,-34.176,0.179,-4.261,5.877,-9.050,"Coe College","Coe College",,,,,{C71FD955-8440-41BE-8035-FAEF6AB3F90E},-0.014,0.645
27,2021/09/12,12:18:18,0,0,"Tyce Johnson",{B6B7971A-4CB1-424E-89E8-FAAE626F4C89},R,"Coe College","Ryan Davis",{085A7B23-945D-4FAE-AE6C-E8B9B27C0A9B},R,"Coe College","Wind Up",,Bottom,,,,"Four Seam Fastball",,Ball,,,,,,,36.862,0.142,-3.128,2053.00,210.837,1:0,1.556,0.825,1.589,-0.626,0.419,0.269,0.971,0.197,33.492,-4.435,-1.160,0.468,,,,,,,,,,,,-0.164,0.236,-0.740,15.240,1.554,1.882,-36.419,-0.161,-2.842,7.152,-5.725,"Coe College","Coe College",,,,,{38FF1647-2B62-4C61-836E-D6DB4EFC20C0},-0.197,0.971
28,2021/09/12,12:18:34,0,0,"Tyce Johnson",{B6B7971A-4CB1-424E-89E8-FAAE626F4C89},R,"Coe College","Ryan Davis",{085A7B23-945D-4FAE-AE6C-E8B9B27C0A9B},R,"Coe College","Wind Up",,Bottom,,,,Curveball,,Ball,,,,,,,30.969,1.420,-1.536,2110.00,43.325,7:30,1.454,0.918,1.569,-2.066,-0.586,-0.490,,,28.479,-13.552,-5.148,,,,,,,,,,,,,0.245,-0.287,-0.870,15.240,1.476,0.986,-30.639,0.066,2.945,6.022,-13.247,"Coe College","Coe College",,,,,{2E51D232-1501-4EBD-9264-4C35D0CE5A6D},0.012,-0.205
29,2021/09/12,12:20:59,0,0,"Caden Richards",{4EC7DFE0-055C-4481-A0F1-E7DFEEBB9A13},R,"Coe College","Cody Deardorff",{4F49FCDD-8FEF-4775-8ECA-D6F642A50844},R,"Coe College","Wind Up",,Top,,,,"Four Seam Fastball",,"Called Strike",,,,,,,36.099,-0.489,-3.583,2074.00,208.238,1:0,1.429,0.662,1.433,-0.810,0.307,0.183,0.477,-0.193,32.805,-6.342,-2.261,0.484,,,,,,,,,,,,-0.121,0.179,-0.554,15.240,1.405,2.150,-35.569,-0.646,-1.989,6.880,-6.851,"Coe College","Coe College",,,,,{8C73B3B0-427D-4646-81C0-5B7BFC6D1CC0},0.193,0.477
30,2021/09/12,12:21:12,0,0,"Caden Richards",{4EC7DFE0-055C-4481-A0F1-E7DFEEBB9A13},R,"Coe College","Cody Deardorff",{4F49FCDD-8FEF-4775-8ECA-D6F642A50844},R,"Coe College","Wind Up",,Top,,,,"Four Seam Fastball",,Ball,,,,,,,36.226,-2.549,-5.204,2096.00,224.060,1:30,1.500,0.705,1.435,-0.780,0.335,0.350,,,33.132,-8.152,-2.682,,,,,,,,,,,,,-0.217,0.205,-0.548,15.240,1.413,3.094,-35.600,-1.922,-3.600,6.553,-6.408,"Coe College","Coe College",,,,,{C2A0C9D8-4730-4691-B209-DFB86073B16A},0.455,-0.021
31,2021/09/12,12:21:25,0,0,"Caden Richards",{4EC7DFE0-055C-4481-A0F1-E7DFEEBB9A13},R,"Coe College","Cody Deardorff",{4F49FCDD-8FEF-4775-8ECA-D6F642A50844},R,"Coe College","Wind Up",,Top,,,,Curveball,,"Contact Out",,,,,,,30.332,3.131,-0.397,1727.00,125.538,10:15,1.546,0.663,1.254,-1.488,0.119,-0.198,0.975,0.349,28.082,-7.446,-1.810,0.576,,,,,,,,,,,,0.097,0.052,-0.647,15.240,1.634,0.285,-30.020,1.064,1.161,4.275,-9.188,"Coe College","Coe College",,,,,{F1FD8A3A-2D62-4EC3-A090-E8AD372C6148},-0.349,0.975
32,2021/09/12,12:21:59,0,0,"Caden Richards",{4EC7DFE0-055C-4481-A0F1-E7DFEEBB9A13},R,"Coe College","Alec Lovell",{5769EE29-D87A-4040-A9AA-E05D0587AACC},R,"Coe College","Wind Up",,Top,,,,"Four Seam Fastball",,"Called Strike",,,,,,,36.701,-1.803,-3.091,2040.00,207.670,1:0,1.563,0.617,1.325,-0.569,0.520,0.291,0.467,0.008,33.265,-5.901,-0.987,0.479,,,,,,,,,,,,-0.172,0.298,-0.519,15.240,1.497,1.825,-36.212,-1.398,-2.935,7.319,-4.732,"Coe College","Coe College",,,,,{3C030EE5-6A50-4DC0-A414-BF1CD75D3788},-0.008,0.467
33,2021/09/12,12:22:12,0,0,"Caden Richards",{4EC7DFE0-055C-4481-A0F1-E7DFEEBB9A13},R,"Coe College","Alec Lovell",{5769EE29-D87A-4040-A9AA-E05D0587AACC},R,"Coe College","Wind Up",,Top,,,,Changeup,,Ball,,,,,,,31.407,2.504,-5.293,1648.00,221.397,1:30,1.581,0.693,1.330,-0.975,0.529,0.489,1.338,-0.363,28.731,-4.469,-1.800,0.558,,,,,,,,,,,,-0.283,0.265,-0.526,15.240,1.652,2.673,-30.895,0.979,-3.564,4.553,-6.467,"Coe College","Coe College",,,,,{D41DFB38-E8FF-4299-88FA-E84227525551},0.363,1.338
34,2021/09/12,12:22:26,0,0,"Caden Richards",{4EC7DFE0-055C-4481-A0F1-E7DFEEBB9A13},R,"Coe College","Alec Lovell",{5769EE29-D87A-4040-A9AA-E05D0587AACC},R,"Coe College","Wind Up",,Top,,,,"Four Seam Fastball",,Ball,,,,,,,36.341,0.742,-2.318,2120.00,217.331,1:15,1.610,0.603,1.283,-0.656,0.459,0.370,1.171,0.296,33.191,-3.962,0.333,0.482,,,,,,,,,,,,-0.203,0.241,-0.530,15.240,1.627,1.284,-35.905,0.165,-3.441,6.509,-5.729,"Coe College","Coe College",,,,,{72300AE0-691A-497D-949B-043519EC012E},-0.296,1.171
35,2021/09/12,12:22:41,0,0,"Caden Richards",{4EC7DFE0-055C-4481-A0F1-E7DFEEBB9A13},R,"Coe College","Alec Lovell",{5769EE29-D87A-4040-A9AA-E05D0587AACC},R,"Coe College","Wind Up",,Top,,,,"Four Seam Fastball",,"Called Strike",,,,,,,36.844,-3.500,-3.216,2044.00,204.928,12:45,1.779,0.458,1.330,-0.427,0.655,0.314,0.330,-0.165,33.849,-6.550,-0.965,0.474,,,,,,,,,,,,-0.181,0.367,-0.357,15.240,1.659,1.900,-36.353,-2.421,-3.150,6.448,-3.402,"Coe College","Coe College",,,,,{BA523142-21F9-4F8B-907A-963B4B937E53},0.165,0.330
36,2021/09/12,12:22:57,0,0,"Caden Richards",{4EC7DFE0-055C-4481-A0F1-E7DFEEBB9A13},R,"Coe College","Alec Lovell",{5769EE29-D87A-4040-A9AA-E05D0587AACC},R,"Coe College","Wind Up",,Top,,,,Changeup,,Ball,,,,,,,30.775,3.741,-2.697,1891.00,217.701,1:15,1.592,0.555,1.540,-1.019,0.505,0.405,1.651,0.184,28.229,-3.637,0.236,0.561,,,,,,,,,,,,-0.228,0.250,-0.480,15.240,1.691,1.288,-30.330,1.632,-2.774,4.262,-6.760,"Coe College","Coe College",,,,,{B958A3F1-FB18-47E8-8B13-CF9608507D52},-0.184,1.651
37,2021/09/12,12:23:13,0,0,"Caden Richards",{4EC7DFE0-055C-4481-A0F1-E7DFEEBB9A13},R,"Coe College","Alec Lovell",{5769EE29-D87A-4040-A9AA-E05D0587AACC},R,"Coe College","Wind Up",,Top,,,,Slider,,Ball,,,,,,,30.803,2.051,-4.125,1793.00,215.724,1:15,1.611,0.477,1.313,-1.519,0.037,0.038,0.691,-0.689,28.708,-8.717,-3.859,0.566,,,,,,,,,,,,-0.044,0.014,-0.342,15.240,1.660,2.180,-30.422,0.506,-0.536,4.184,-9.633,"Coe College","Coe College",,,,,{1F746E22-3129-446E-89AF-55EAB4BEDA8D},0.689,0.691
38,2021/09/12,12:23:38,0,0,"Caden Richards",{4EC7DFE0-055C-4481-A0F1-E7DFEEBB9A13},R,"Coe College","Ethan Carey",{E5914E46-FDBD-4004-8A85-0D5FFFE3D012},R,"Coe College","Wind Up",,Top,,,,"Four Seam Fastball",,"Swinging Strike",,,,,,,35.377,0.765,-2.793,1983.00,249.560,2:15,1.619,0.482,1.289,-1.062,0.122,0.418,0.781,0.085,32.157,-6.853,0.216,0.498,,,,,,,,,,,,-0.233,0.074,-0.394,15.240,1.632,1.515,-34.814,-0.002,-3.684,6.507,-8.642,"Coe College","Coe College",,,,,{F814343D-28CE-4EC2-9182-D3A35EAA4B4A},-0.085,0.781
39,2021/09/12,12:23:56,0,0,"Caden Richards",{4EC7DFE0-055C-4481-A0F1-E7DFEEBB9A13},R,"Coe College","Ethan Carey",{E5914E46-FDBD-4004-8A85-0D5FFFE3D012},R,"Coe College","Wind Up",,Top,,,,"Four Seam Fastball",,Ball,,,,,,,35.496,0.481,-2.469,2136.00,220.258,1:15,1.625,0.462,1.330,-0.725,0.440,0.398,1.040,0.141,32.311,-4.735,0.401,0.494,,,,,,,,,,,,-0.221,0.237,-0.386,15.240,1.632,1.337,-35.034,-0.022,-3.546,6.434,-6.005,"Coe College","Coe College",,,,,{267D34DA-FEEC-49A9-8549-94B58C475F90},-0.141,1.040
40,2021/09/12,12:24:15,0,0,"Caden Richards",{4EC7DFE0-055C-4481-A0F1-E7DFEEBB9A13},R,"Coe College","Ethan Carey",{E5914E46-FDBD-4004-8A85-0D5FFFE3D012},R,"Coe College","Wind Up",,Top,,,,Curveball,,"Called Strike",,,,,,,30.322,3.175,-0.938,1703.00,126.763,10:15,1.593,0.360,1.227,-1.534,0.080,-0.141,0.991,-0.056,28.029,-7.719,-1.947,0.578,,,,,,,,,,,,0.065,0.033,-0.326,15.240,1.683,0.547,-29.995,1.063,0.774,4.360,-9.415,"Coe College","Coe College",,,,,{4D53FDDF-A7D6-4857-80B4-2C279919F9C2},0.056,0.991
41,2021/09/12,12:24:30,0,0,"Caden Richards",{4EC7DFE0-055C-4481-A0F1-E7DFEEBB9A13},R,"Coe College","Ethan Carey",{E5914E46-FDBD-4004-8A85-0D5FFFE3D012},R,"Coe College","Wind Up",,Top,,,,"Four Seam Fastball",,Ball,,,,,,,35.203,-1.521,-0.877,1993.00,214.168,1:15,1.654,0.341,1.314,-0.761,0.422,0.306,0.450,0.392,32.247,-6.968,1.327,0.497,,,,,,,,,,,,-0.162,0.241,-0.316,15.240,1.595,0.399,-34.800,-1.256,-2.572,6.316,-5.990,"Coe College","Coe College",,,,,{CA8E5BD7-CF4D-4F4F-904F-560C2A143C0F},-0.392,0.450
42,2021/09/12,12:24:46,0,0,"Caden Richards",{4EC7DFE0-055C-4481-A0F1-E7DFEEBB9A13},R,"Coe College","Ethan Carey",{E5914E46-FDBD-4004-8A85-0D5FFFE3D012},R,"Coe College","Wind Up",,Top,,,,"Four Seam Fastball",,"Contact Out",,,,,,,35.599,-0.729,-2.643,2014.00,231.293,1:45,1.616,0.432,1.314,-0.784,0.375,0.492,0.619,0.153,32.826,-6.322,0.879,0.490,,,,,,,,,,,,-0.267,0.205,-0.351,15.240,1.582,1.406,-35.191,-0.797,-4.365,5.879,-6.452,"Coe College","Coe College",,,,,{7B0E2A01-46CE-4444-BF98-144B51A306A5},-0.153,0.619
43,2021/09/12,12:27:03,0,0,"Tyce Johnson",{B6B7971A-4CB1-424E-89E8-FAAE626F4C89},R,"Coe College","Colby Adams",{1E279167-8BC0-4859-948A-D98C18B1805A},R,"Coe College","Wind Up",,Bottom,,,,"Four Seam Fastball",,Ball,,,,,,,37.163,1.102,-4.233,2166.00,324.304,4:45,1.313,0.805,1.632,-1.384,-0.352,0.248,0.245,-0.159,34.737,-8.861,-2.438,0.460,,,,,,,,,,,,-0.154,-0.188,-0.691,15.240,1.331,2.612,-36.635,0.149,-2.759,5.614,-13.172,"Coe College","Coe College",,,,,{A9F2CF81-1BFC-4DB7-A8B3-7F08E3CAED14},0.159,0.245
44,2021/09/12,12:27:15,0,0,"Tyce Johnson",{B6B7971A-4CB1-424E-89E8-FAAE626F4C89},R,"Coe College","Colby Adams",{1E279167-8BC0-4859-948A-D98C18B1805A},R,"Coe College","Wind Up",,Bottom,,,,"Four Seam Fastball",,"Contact Out",,,,,,,37.711,-1.168,-3.963,2092.00,229.772,1:45,1.503,0.876,1.660,-0.661,0.330,0.413,0.508,0.157,34.678,-5.989,-0.945,0.454,,,,,,,,,,,,-0.244,0.192,-0.773,15.240,1.466,2.416,-37.263,-1.026,-4.475,6.730,-6.280,"Coe College","Coe College",,,,,{E377FB0E-462A-4109-9FAB-F84306F9E248},-0.157,0.508
45,2021/09/12,12:27:46,0,0,"Tyce Johnson",{B6B7971A-4CB1-424E-89E8-FAAE626F4C89},R,"Coe College","Nico Catan",{30C94C37-7E2F-41DA-8D1C-D1BAFA10A6DB},R,"Coe College","Wind Up",,Bottom,,,,"Four Seam Fastball",,"Foul Ball",,,,,,,37.564,0.410,-3.226,2261.00,279.412,3:15,1.425,0.927,1.646,-1.060,-0.057,0.266,0.482,0.271,34.828,-7.274,-1.291,0.455,,,,,,,,,,,,-0.159,-0.026,-0.842,15.240,1.427,1.984,-37.102,-0.161,-2.917,6.199,-10.277,"Coe College","Coe College",,,,,{C50AE809-DD30-4F88-9675-0E36BA4B2584},-0.271,0.482
46,2021/09/12,12:28:00,0,0,"Tyce Johnson",{B6B7971A-4CB1-424E-89E8-FAAE626F4C89},R,"Coe College","Nico Catan",{30C94C37-7E2F-41DA-8D1C-D1BAFA10A6DB},R,"Coe College","Wind Up",,Bottom,,,,Curveball,,"Swinging Strike",,,,,,,30.403,2.611,-1.070,2083.00,91.020,9:0,1.579,0.834,1.575,-1.581,-0.040,-0.369,0.747,0.158,27.816,-8.905,-3.773,0.569,,,,,,,,,,,,0.186,-0.016,-0.800,15.240,1.639,0.684,-30.062,0.845,2.182,5.125,-9.998,"Coe College","Coe College",,,,,{AFD9AC2E-F62B-4048-B2B9-DDE21507B17F},-0.158,0.747
47,2021/09/12,12:28:16,0,0,"Tyce Johnson",{B6B7971A-4CB1-424E-89E8-FAAE626F4C89},R,"Coe College","Nico Catan",{30C94C37-7E2F-41DA-8D1C-D1BAFA10A6DB},R,"Coe College","Wind Up",,Bottom,,,,Changeup,,Ball,,,,,,,33.887,2.197,-2.603,1875.00,254.637,2:30,1.373,0.846,1.572,-1.160,0.083,0.367,0.844,0.467,31.275,-6.208,0.066,0.507,,,,,,,,,,,,-0.208,0.039,-0.776,15.240,1.425,1.384,-33.493,0.849,-3.097,5.237,-9.227,"Coe College","Coe College",,,,,{43F17276-2BE6-4608-9635-DDCC291C4805},-0.467,0.844
48,2021/09/12,12:28:30,0,0,"Tyce Johnson",{B6B7971A-4CB1-424E-89E8-FAAE626F4C89},R,"Coe College","Nico Catan",{30C94C37-7E2F-41DA-8D1C-D1BAFA10A6DB},R,"Coe College","Wind Up",,Bottom,,,,"Four Seam Fastball",,Ball,,,,,,,38.106,-0.382,-2.388,2081.00,225.808,1:30,1.565,1.002,1.595,-0.671,0.307,0.341,0.784,0.659,34.791,-5.279,0.104,0.452,,,,,,,,,,,,-0.196,0.177,-0.938,15.240,1.549,1.428,-37.639,-0.530,-3.639,7.312,-6.519,"Coe College","Coe College",,,,,{05ACE361-9776-4749-8DCD-3877BF7BE929},-0.659,0.784
49,2021/09/12,12:28:44,0,0,"Tyce Johnson",{B6B7971A-4CB1-424E-89E8-FAAE626F4C89},R,"Coe College","Nico Catan",{30C94C37-7E2F-41DA-8D1C-D1BAFA10A6DB},R,"Coe College","Wind Up",,Bottom,,,,"Four Seam Fastball",,"Called Strike",,,,,,,37.359,0.807,-4.877,2174.00,295.707,3:45,1.335,0.951,1.698,-1.241,-0.227,0.449,0.324,0.008,34.664,-8.199,-1.610,0.457,,,,,,,,,,,,-0.267,-0.119,-0.827,15.240,1.346,2.965,-36.792,0.037,-4.802,5.990,-11.955,"Coe College","Coe College",,,,,{C9A42B21-D276-4D78-B6A2-7FEAC5B042A1},-0.008,0.324
50,2021/09/12,12:29:10,0,0,"Tyce Johnson",{B6B7971A-4CB1-424E-89E8-FAAE626F4C89},R,"Coe College","Garrett Swain",{D091E1D8-D47E-4B0A-B210-DF7B782826D1},R,"Coe College","Wind Up",,Bottom,,,,Curveball,,"Called Strike",,,,,,,30.963,1.658,-0.608,2032.00,74.716,8:30,1.563,0.849,1.513,-1.640,-0.145,-0.381,0.400,0.293,28.530,-10.194,-3.384,0.560,,,,,,,,,,,,0.194,-0.066,-0.828,15.240,1.596,0.458,-30.628,0.312,2.375,5.142,-10.619,"Coe College","Coe College",,,,,{5513C9E4-3395-463E-9570-AC4A66EEB24D},-0.293,0.400
51,2021/09/12,12:29:22,0,0,"Tyce Johnson",{B6B7971A-4CB1-424E-89E8-FAAE626F4C89},R,"Coe College","Garrett Swain",{D091E1D8-D47E-4B0A-B210-DF7B782826D1},R,"Coe College","Wind Up",,Bottom,,,,"Four Seam Fastball",,Ball,,,,,,,38.380,-2.737,-5.833,2175.00,220.201,1:15,1.636,0.850,1.701,-0.543,0.419,0.366,0.310,-0.450,35.391,-6.686,-3.172,0.446,,,,,,,,,,,,-0.230,0.247,-0.700,15.240,1.560,3.712,-37.757,-2.030,-4.345,6.545,-5.142,"Coe College","Coe College",,,,,{1A00780E-304B-454E-8A1B-6343F5589741},0.450,0.310
52,2021/09/12,12:29:34,0,0,"Tyce Johnson",{B6B7971A-4CB1-424E-89E8-FAAE626F4C89},R,"Coe College","Garrett Swain",{D091E1D8-D47E-4B0A-B210-DF7B782826D1},R,"Coe College","Wind Up",,Bottom,,,,"Four Seam Fastball",,"Foul Ball",,,,,,,37.660,-1.134,-4.267,2052.00,227.743,1:30,1.526,0.813,1.676,-0.648,0.346,0.404,0.554,-0.001,34.553,-5.864,-1.314,0.455,,,,,,,,,,,,-0.242,0.202,-0.703,15.240,1.490,2.615,-37.187,-0.994,-4.414,6.822,-6.127,"Coe College","Coe College",,,,,{BD4EF6B3-E2AE-4588-9D7E-D4E534E12CF9},0.001,0.554
53,2021/09/12,12:29:53,0,0,"Tyce Johnson",{B6B7971A-4CB1-424E-89E8-FAAE626F4C89},R,"Coe College","Garrett Swain",{D091E1D8-D47E-4B0A-B210-DF7B782826D1},R,"Coe College","Wind Up",,Bottom,,,,Changeup,,"Called Strike",,,,,,,34.092,1.515,-4.075,1823.00,230.635,1:45,1.512,0.814,1.597,-0.922,0.301,0.389,1.025,0.034,31.448,-5.176,-1.249,0.503,,,,,,,,,,,,-0.229,0.158,-0.703,15.240,1.547,2.256,-33.710,0.548,-3.453,5.264,-7.432,"Coe College","Coe College",,,,,{542C11C9-3B88-459A-8BA7-40375E77D175},-0.034,1.025
54,2021/09/12,12:31:47,0,0,"Caden Richards",{4EC7DFE0-055C-4481-A0F1-E7DFEEBB9A13},R,"Coe College","Kane Deutmeyer",{FCF4F141-FCFE-4A78-98AC-858696C9C912},R,"Coe College","Wind Up",,Top,,,,"Four Seam Fastball",,"Foul Ball",,,,,,,36.301,0.293,-3.399,2114.00,223.436,1:30,1.498,0.541,1.339,-0.841,0.276,0.289,0.743,-0.160,33.040,-5.750,-1.317,0.483,,,,,,,,,,,,-0.172,0.154,-0.434,15.240,1.498,1.996,-35.770,-0.189,-2.875,6.731,-7.232,"Coe College","Coe College",,,,,{A03604D0-6E28-4509-B0AE-01059491DB71},0.160,0.743
55,2021/09/12,12:32:03,0,0,"Caden Richards",{4EC7DFE0-055C-4481-A0F1-E7DFEEBB9A13},R,"Coe College","Kane Deutmeyer",{FCF4F141-FCFE-4A78-98AC-858696C9C912},R,"Coe College","Wind Up",,Top,,,,"Four Seam Fastball",,Ball,,,,,,,35.961,0.245,-1.570,1954.00,210.235,1:0,1.602,0.604,1.327,-0.586,0.546,0.329,1.087,0.475,33.084,-3.952,0.787,0.484,,,,,,,,,,,,-0.177,0.286,-0.556,15.240,1.603,0.828,-35.567,-0.110,-2.966,5.939,-5.024,"Coe College","Coe College",,,,,{40CF12FD-5153-45E9-B5BD-CB178CC88CE3},-0.475,1.087
56,2021/09/12,12:32:19,0,0,"Caden Richards",{4EC7DFE0-055C-4481-A0F1-E7DFEEBB9A13},R,"Coe College","Kane Deutmeyer",{FCF4F141-FCFE-4A78-98AC-858696C9C912},R,"Coe College","Wind Up",,Top,,,,Changeup,,Ball,,,,,,,31.698,-0.234,-2.152,1403.00,231.478,1:45,1.521,0.488,1.328,-1.217,0.241,0.314,0.235,0.175,29.702,-8.853,0.087,0.547,,,,,,,,,,,,-0.171,0.128,-0.422,15.240,1.499,1.055,-31.394,-0.612,-2.255,4.196,-8.120,"Coe College","Coe College",,,,,{CEBB0CDA-CC23-4315-9190-9ECB2C4705EF},-0.175,0.235
57,2021/09/12,12:32:34,0,0,"Caden Richards",{4EC7DFE0-055C-4481-A0F1-E7DFEEBB9A13},R,"Coe College","Kane Deutmeyer",{FCF4F141-FCFE-4A78-98AC-858696C9C912},R,"Coe College","Wind Up",,Top,,,,"Four Seam Fastball",,"Swinging Strike",,,,,,,36.472,-1.253,-3.400,2009.00,227.900,1:30,1.626,0.430,1.386,-0.628,0.467,0.542,0.633,-0.015,33.443,-5.766,0.508,0.478,,,,,,,,,,,,-0.301,0.260,-0.328,15.240,1.579,1.901,-36.021,-1.066,-5.138,6.431,-5.368,"Coe College","Coe College",,,,,{76A4A8A7-7B02-42C8-AD99-AFF70D2A66E3},0.015,0.633
58,2021/09/12,12:32:49,0,0,"Caden Richards",{4EC7DFE0-055C-4481-A0F1-E7DFEEBB9A13},R,"Coe College","Kane Deutmeyer",{FCF4F141-FCFE-4A78-98AC-858696C9C912},R,"Coe College","Wind Up",,Top,,,,Changeup,,Ball,,,,,,,32.168,-1.187,-0.438,1411.00,204.286,12:45,1.545,0.390,1.249,-0.894,0.533,0.251,0.304,0.513,29.757,-7.529,1.355,0.544,,,,,,,,,,,,-0.129,0.288,-0.378,15.240,1.493,0.140,-31.841,-1.029,-1.734,4.863,-5.944,"Coe College","Coe College",,,,,{172C83FD-EE8D-4434-9779-2A01635B2EE3},-0.513,0.304
59,2021/09/12,12:33:04,0,0,"Caden Richards",{4EC7DFE0-055C-4481-A0F1-E7DFEEBB9A13},R,"Coe College","Kane Deutmeyer",{FCF4F141-FCFE-4A78-98AC-858696C9C912},R,"Coe College","Wind Up",,Top,,,,"Four Seam Fastball",,"Foul Ball",,,,,,,36.873,-1.228,-2.244,2042.00,196.099,12:30,1.631,0.478,1.343,-0.410,0.661,0.198,0.863,0.023,33.769,-4.175,-0.822,0.473,,,,,,,,,,,,-0.116,0.358,-0.408,15.240,1.587,1.341,-36.509,-0.969,-2.034,6.715,-3.530,"Coe College","Coe College",,,,,{2FD71FF4-F7F6-437A-A144-B2C89661E982},-0.023,0.863
60,2021/09/12,12:33:22,0,0,"Caden Richards",{4EC7DFE0-055C-4481-A0F1-E7DFEEBB9A13},R,"Coe College","Kane Deutmeyer",{FCF4F141-FCFE-4A78-98AC-858696C9C912},R,"Coe College","Wind Up",,Top,,,,Changeup,,"Contact Out",,,,,,,31.401,0.961,-2.811,1385.00,227.448,1:30,1.503,0.409,1.610,-1.187,0.250,0.303,0.591,-0.093,28.953,-7.668,-0.601,0.547,,,,,,,,,,,,-0.178,0.140,-0.334,15.240,1.519,1.422,-31.068,0.116,-2.263,4.793,-8.030,"Coe College","Coe College",,,,,{3472AD7A-3EAE-4DB5-92E6-EAA2E8080A81},0.093,0.591
61,2021/09/12,12:33:51,0,0,"Caden Richards",{4EC7DFE0-055C-4481-A0F1-E7DFEEBB9A13},R,"Coe College","Kane Deutmeyer",{FCF4F141-FCFE-4A78-98AC-858696C9C912},R,"Coe College","Wind Up",,Top,,,,"Four Seam Fastball",,"Foul Ball",,,,,,,36.399,-0.431,-1.831,2104.00,208.028,1:0,1.662,0.400,1.270,-0.511,0.600,0.333,1.025,0.198,33.265,-4.090,0.558,0.481,,,,,,,,,,,,-0.181,0.320,-0.342,15.240,1.641,0.998,-36.000,-0.506,-3.085,6.589,-4.360,"Coe College","Coe College",,,,,{84B615DB-9D7D-472A-9FAF-9BF1FA482F70},-0.198,1.025
62,2021/09/12,12:34:07,0,0,"Caden Richards",{4EC7DFE0-055C-4481-A0F1-E7DFEEBB9A13},R,"Coe College","Kane Deutmeyer",{FCF4F141-FCFE-4A78-98AC-858696C9C912},R,"Coe College","Wind Up",,Top,,,,Changeup,,,,,,,,,31.373,0.825,-4.108,1878.00,268.636,3:0,1.593,0.405,1.298,-1.517,-0.018,0.083,0.317,-0.712,29.252,-9.914,-3.513,0.557,,,,,,,,,,,,-0.068,-0.004,-0.269,15.240,1.602,2.194,-31.009,-0.150,-0.864,4.535,-9.860,"Coe College","Coe College",,,,,{BEF1BC2D-F54E-4425-A85B-6C8BF4232B24},0.712,0.317
63,2021/09/12,12:34:20,0,0,"Caden Richards",{4EC7DFE0-055C-4481-A0F1-E7DFEEBB9A13},R,"Coe College","Kane Deutmeyer",{FCF4F141-FCFE-4A78-98AC-858696C9C912},R,"Coe College","Wind Up",,Top,,,,"Four Seam Fastball",,"Foul Ball",,,,,,,36.455,-0.225,-2.814,2030.00,218.420,1:15,1.536,0.456,1.401,-0.687,0.409,0.342,0.783,-0.018,33.386,-5.171,-0.346,0.478,27.606,60.822,40.805,,,,,58.244,,,5.497,-0.194,0.223,-0.372,15.240,1.521,1.619,-35.979,-0.441,-3.315,6.380,-6.001,"Coe College","Coe College",,,,,{C0EEE4A4-9FA0-4CEF-BF53-6FBC3EC5C817},0.018,0.783
64,2021/09/12,12:34:47,0,0,"Caden Richards",{4EC7DFE0-055C-4481-A0F1-E7DFEEBB9A13},R,"Coe College","Kane Deutmeyer",{FCF4F141-FCFE-4A78-98AC-858696C9C912},R,"Coe College","Wind Up",,Top,,,,Changeup,,"Contact Out",,,,,,,31.862,0.874,-1.511,1395.00,284.894,3:30,1.477,0.351,1.510,-1.479,-0.059,0.132,0.250,0.047,29.541,-9.757,-0.556,0.543,37.275,17.839,-20.543,,,,,78.528,,,2.856,-0.078,-0.024,-0.307,15.240,1.489,0.781,-31.443,-0.058,-1.021,4.764,-10.118,"Coe College","Coe College",,,,,{BEDB6721-982C-4C74-B613-B16C9B5F8192},-0.047,0.250
65,2021/09/12,12:35:23,0,0,"Caden Richards",{4EC7DFE0-055C-4481-A0F1-E7DFEEBB9A13},R,"Coe College","Jacob Brosius",{0ED626C7-A04F-4BB2-B809-3BB96A879005},R,"Coe College","Wind Up",,Top,,,,"Four Seam Fastball",,Ball,,,,,,,36.167,-0.593,-1.628,1984.00,226.038,1:30,1.579,0.551,1.407,-0.830,0.285,0.328,0.577,0.406,32.929,-6.577,0.745,0.483,,,,,,,,,,,,-0.180,0.167,-0.503,15.240,1.551,0.873,-35.641,-0.725,-2.996,6.764,-7.033,"Coe College","Coe College",,,,,{407BC526-F9A4-44AA-AF4E-5243A8ADF82F},-0.406,0.577
66,2021/09/12,12:35:36,0,0,"Caden Richards",{4EC7DFE0-055C-4481-A0F1-E7DFEEBB9A13},R,"Coe College","Jacob Brosius",{0ED626C7-A04F-4BB2-B809-3BB96A879005},R,"Coe College","Wind Up",,Top,,,,"Four Seam Fastball",,Ball,,,,,,,36.098,0.889,-1.754,1973.00,223.217,1:30,1.545,0.563,1.461,-0.790,0.319,0.321,1.012,0.377,33.070,-4.819,0.569,0.480,,,,,,,,,,,,-0.178,0.171,-0.513,15.240,1.564,0.956,-35.648,0.221,-2.973,6.246,-6.946,"Coe College","Coe College",,,,,{4E40AE15-E4D6-436E-A770-1782B6C89AB6},-0.377,1.012
67,2021/09/12,12:35:49,0,0,"Caden Richards",{4EC7DFE0-055C-4481-A0F1-E7DFEEBB9A13},R,"Coe College","Jacob Brosius",{0ED626C7-A04F-4BB2-B809-3BB96A879005},R,"Coe College","Wind Up",,Top,,,,"Four Seam Fastball",,Ball,,,,,,,36.352,-1.850,-0.848,2043.00,216.986,1:15,1.649,0.415,1.394,-0.762,0.339,0.281,0.350,0.450,33.098,-7.335,1.191,0.481,,,,,,,,,,,,-0.151,0.206,-0.392,15.240,1.582,0.410,-35.884,-1.488,-2.534,7.107,-6.350,"Coe College","Coe College",,,,,{9BBECDE0-D908-419A-9E74-0C729D46788D},-0.450,0.350
68,2021/09/12,12:36:02,0,0,"Caden Richards",{4EC7DFE0-055C-4481-A0F1-E7DFEEBB9A13},R,"Coe College","Jacob Brosius",{0ED626C7-A04F-4BB2-B809-3BB96A879005},R,"Coe College","Wind Up",,Top,,,,"Four Seam Fastball",,Walk,,,,,,,35.066,1.213,-1.471,1932.00,210.355,1:0,1.575,0.483,1.480,-0.827,0.345,0.217,1.098,0.275,32.072,-4.778,0.102,0.494,,,,,,,,,,,,-0.122,0.184,-0.441,15.240,1.604,0.802,-34.643,0.399,-1.930,6.033,-6.904,"Coe College","Coe College",,,,,{B39CBBDA-A70E-440B-A76B-D8FCAB7259BC},-0.275,1.098
69,2021/09/12,12:36:31,0,0,"Caden Richards",{4EC7DFE0-055C-4481-A0F1-E7DFEEBB9A13},R,"Coe College","Tyler Elliott",{C751F475-2DD6-4A35-9E9F-DB3D744F214B},R,"Coe College","Wind Up",,Top,,,,"Four Seam Fastball",,"Called Strike",,,,,,,35.632,-0.673,-2.406,1962.00,213.457,1:0,1.659,0.340,1.345,-0.800,0.357,0.259,0.663,-0.102,32.351,-6.434,-0.537,0.493,,,,,,,,,,,,-0.150,0.205,-0.265,15.240,1.628,1.363,-35.101,-0.759,-2.411,6.710,-6.508,"Coe College","Coe College",,,,,{48055D5C-2C74-4D01-81B2-A07920AF6420},0.102,0.663
70,2021/09/12,12:37:04,0,0,"Caden Richards",{4EC7DFE0-055C-4481-A0F1-E7DFEEBB9A13},R,"Coe College","Tyler Elliott",{C751F475-2DD6-4A35-9E9F-DB3D744F214B},R,"Coe College","Wind Up",,Top,,,,"Four Seam Fastball",,Ball,,,,,,,35.892,1.160,-0.713,2031.00,228.125,1:30,1.673,0.379,1.215,-0.801,0.351,0.433,1.212,0.603,32.509,-4.584,2.397,0.493,,,,,,,,,,,,-0.224,0.187,-0.360,15.240,1.703,0.242,-35.430,0.349,-3.657,6.990,-6.749,"Coe College","Coe College",,,,,{33BA1138-533C-4689-877C-5DF2DF4FC572},-0.603,1.212
71,2021/09/12,12:37:28,0,0,"Caden Richards",{4EC7DFE0-055C-4481-A0F1-E7DFEEBB9A13},R,"Coe College","Tyler Elliott",{C751F475-2DD6-4A35-9E9F-DB3D744F214B},R,"Coe College","Wind Up",,Top,,,,"Four Seam Fastball",,"Foul Ball",,,,,,,35.821,-0.255,-1.061,2005.00,234.943,1:45,1.547,0.375,1.340,-0.904,0.236,0.383,0.569,0.449,32.687,-6.748,1.702,0.489,,,,,,,,,,,,-0.203,0.139,-0.345,15.240,1.528,0.488,-35.387,-0.553,-3.325,6.734,-7.531,"Coe College","Coe College",,,,,{7DE045D5-E232-40DA-A179-4D4A9E6A2043},-0.449,0.569
72,2021/09/12,12:37:52,0,0,"Caden Richards",{4EC7DFE0-055C-4481-A0F1-E7DFEEBB9A13},R,"Coe College","Tyler Elliott",{C751F475-2DD6-4A35-9E9F-DB3D744F214B},R,"Coe College","Wind Up",,Top,,,,Changeup,,"Foul Ball",,,,,,,32.303,0.789,-2.546,1578.00,254.396,2:30,1.478,0.345,1.318,-1.290,0.119,0.490,0.418,0.093,30.008,-8.382,0.961,0.539,,,,,,,,,,,,-0.265,0.065,-0.267,15.240,1.489,1.222,-31.931,-0.081,-3.578,4.677,-8.933,"Coe College","Coe College",,,,,{DCF517E3-CDC0-4C48-8AC4-D1500EE57A27},-0.093,0.418
73,2021/09/12,12:38:16,0,0,"Caden Richards",{4EC7DFE0-055C-4481-A0F1-E7DFEEBB9A13},R,"Coe College","Tyler Elliott",{C751F475-2DD6-4A35-9E9F-DB3D744F214B},R,"Coe College","Wind Up",,Top,,,,Changeup,,"Called Strike",,,,,,,31.296,3.373,-2.082,1860.00,311.541,4:30,1.526,0.450,1.265,-1.672,-0.162,0.144,0.842,-0.014,28.781,-8.554,-1.046,0.561,,,,,,,,,,,,-0.088,-0.088,-0.382,15.240,1.620,1.067,-30.926,1.162,-1.097,4.951,-10.914,"Coe College","Coe College",,,,,{62ACF5AF-AB52-4268-8B7F-107002E53F65},0.014,0.842
74,2021/09/12,12:40:08,0,0,"Tyce Johnson",{B6B7971A-4CB1-424E-89E8-FAAE626F4C89},R,"Coe College","Will  Young",{01EB9425-A76F-48A8-BAB3-C7F0EC906AD4},R,"Coe College","Wind Up",,Bottom,,,,"Four Seam Fastball",,"Called Strike",,,,,,,37.025,0.753,-6.007,1910.00,279.444,3:15,1.322,0.939,1.686,-1.147,-0.112,0.557,0.391,-0.221,34.028,-7.604,-1.944,0.464,,,,,,,,,,,,-0.335,-0.054,-0.784,15.240,1.333,3.618,-36.422,0.039,-5.858,6.423,-10.756,"Coe College","Coe College",,,,,{C59951C6-A456-4BED-AAC5-92D7E6C328DB},0.221,0.391
75,2021/09/12,12:40:20,0,0,"Tyce Johnson",{B6B7971A-4CB1-424E-89E8-FAAE626F4C89},R,"Coe College","Will  Young",{01EB9425-A76F-48A8-BAB3-C7F0EC906AD4},R,"Coe College","Wind Up",,Bottom,,,,Curveball,,,,,,,,,30.328,4.604,-3.128,2187.00,58.025,8:0,1.490,0.944,1.559,-1.850,-0.281,-0.354,0.967,-0.310,27.429,-8.897,-5.724,0.577,,,,,,,,,,,,0.161,-0.154,-0.851,15.240,1.605,1.746,-29.803,1.794,1.834,5.442,-11.569,"Coe College","Coe College",,,,,{3703D226-BE64-4922-BE06-381286C1BE4A},0.310,0.967
76,2021/09/12,12:40:32,0,0,"Tyce Johnson",{B6B7971A-4CB1-424E-89E8-FAAE626F4C89},R,"Coe College","Will  Young",{01EB9425-A76F-48A8-BAB3-C7F0EC906AD4},R,"Coe College","Wind Up",,Bottom,,,,"Four Seam Fastball",,"Called Strike",,,,,,,37.224,-1.116,-5.492,2138.00,241.766,2:0,1.467,0.878,1.694,-0.778,0.243,0.500,0.370,-0.191,33.982,-6.807,-1.831,0.462,,,,,,,,,,,,-0.304,0.150,-0.737,15.240,1.431,3.332,-36.652,-1.016,-5.355,6.955,-7.157,"Coe College","Coe College",,,,,{7A979AAE-CFD8-4C48-91AF-B3406ED16745},0.191,0.370
77,2021/09/12,12:41:15,0,0,"Tyce Johnson",{B6B7971A-4CB1-424E-89E8-FAAE626F4C89},R,"Coe College","Will  Young",{01EB9425-A76F-48A8-BAB3-C7F0EC906AD4},R,"Coe College","Wind Up",,Bottom,,,,Curveball,,"Called Strike",,,,,,,30.351,3.667,-1.641,2213.00,41.742,7:30,1.363,1.028,1.526,-1.987,-0.425,-0.326,0.432,0.230,27.643,-10.785,-4.031,0.575,,,,,,,,,,,,0.157,-0.222,-0.977,15.240,1.451,0.967,-29.924,1.250,1.813,5.459,-12.363,"Coe College","Coe College",,,,,{3D4FDF9E-EDAA-4E97-9205-9C3A1CA5650B},-0.230,0.432
78,2021/09/12,12:41:26,0,0,"Tyce Johnson",{B6B7971A-4CB1-424E-89E8-FAAE626F4C89},R,"Coe College","Will  Young",{01EB9425-A76F-48A8-BAB3-C7F0EC906AD4},R,"Coe College","Wind Up",,Bottom,,,,"Four Seam Fastball",,"Swinging Strike",,,,,,,37.912,0.144,-5.023,2190.00,233.460,1:45,1.462,1.002,1.697,-0.665,0.314,0.460,0.838,0.028,34.519,-4.739,-1.650,0.453,,,,,,,,,,,,-0.280,0.180,-0.873,15.240,1.461,3.108,-37.405,-0.165,-5.132,7.316,-6.512,"Coe College","Coe College",,,,,{ABC0E885-105D-4186-9671-143FAEAC30D5},-0.028,0.838
79,2021/09/12,12:41:40,0,0,"Tyce Johnson",{B6B7971A-4CB1-424E-89E8-FAAE626F4C89},R,"Coe College","Will  Young",{01EB9425-A76F-48A8-BAB3-C7F0EC906AD4},R,"Coe College","Wind Up",,Bottom,,,,"Four Seam Fastball",,Ball,,,,,,,37.828,1.348,-0.102,2133.00,145.750,10:45,1.412,0.856,1.680,-0.784,0.194,-0.149,1.012,0.678,34.562,-4.406,-1.198,0.452,,,,,,,,,,,,0.079,0.107,-0.852,15.240,1.441,0.125,-37.463,0.572,1.445,7.312,-7.836,"Coe College","Coe College",,,,,{B7F652A7-3C0A-43AC-B190-F966EEF1E282},-0.678,1.012
80,2021/09/12,12:41:54,0,0,"Tyce Johnson",{B6B7971A-4CB1-424E-89E8-FAAE626F4C89},R,"Coe College","Will  Young",{01EB9425-A76F-48A8-BAB3-C7F0EC906AD4},L,"Coe College","Wind Up",,Bottom,,,,"Four Seam Fastball",,Ball,,,,,,,37.628,-2.454,-1.842,2228.00,203.676,12:45,1.609,0.784,1.600,-0.590,0.411,0.192,0.315,0.449,34.413,-6.748,-0.438,0.458,,,,,,,,,,,,-0.114,0.248,-0.735,15.240,1.535,1.117,-37.188,-1.836,-2.063,7.262,-5.320,"Coe College","Coe College",,,,,{C6351436-2320-4472-8DF3-85D8339B33B7},-0.449,0.315
81,2021/09/12,12:42:09,0,0,"Tyce Johnson",{B6B7971A-4CB1-424E-89E8-FAAE626F4C89},R,"Coe College","Will  Young",{01EB9425-A76F-48A8-BAB3-C7F0EC906AD4},L,"Coe College","Wind Up",,Bottom,,,,Curveball,,Ball,,,,,,,31.434,2.143,-1.602,2115.00,9.699,6:15,1.339,0.785,1.596,-2.181,-0.740,-0.116,,,28.863,-13.700,-2.460,,,,,,,,,,,,,0.048,-0.378,-0.740,15.240,1.380,0.906,-31.014,0.428,0.593,5.975,-14.476,"Coe College","Coe College",,,,,{6E8F4E43-0B0B-4611-A6A0-0A7ED8B959F4},-0.210,-0.228
82,2021/09/12,12:42:27,0,0,"Tyce Johnson",{B6B7971A-4CB1-424E-89E8-FAAE626F4C89},R,"Coe College","Will  Young",{01EB9425-A76F-48A8-BAB3-C7F0EC906AD4},L,"Coe College","Wind Up",,Bottom,,,,"Four Seam Fastball",,Walk,,,,,,,37.359,-0.095,-5.466,2249.00,241.483,2:0,1.483,0.714,1.741,-0.786,0.222,0.446,0.669,-0.397,34.241,-5.853,-2.204,0.458,,,,,,,,,,,,-0.274,0.130,-0.578,15.240,1.474,3.352,-36.784,-0.358,-4.883,6.568,-7.494,"Coe College","Coe College",,,,,{9AF3A485-60D8-4022-B3FA-42D9EB3391C0},0.397,0.669
83,2021/09/12,12:43:00,0,0,"Tyce Johnson",{B6B7971A-4CB1-424E-89E8-FAAE626F4C89},R,"Coe College","Joey Sartain",{93C73A6B-2679-498F-90CE-7CA6D97FF73B},L,"Coe College","Wind Up",,Bottom,,,,"Four Seam Fastball",,"Swinging Strike",,,,,,,37.198,0.744,-4.889,2150.00,260.091,2:45,1.404,0.776,1.696,-0.961,0.062,0.503,0.656,-0.117,33.898,-6.296,-1.198,0.462,,,,,,,,,,,,-0.302,0.041,-0.651,15.240,1.416,2.939,-36.613,0.109,-5.304,6.947,-9.082,"Coe College","Coe College",,,,,{53595615-30C1-4622-8633-6D7050C1BC96},0.117,0.656
84,2021/09/12,12:43:18,0,0,"Tyce Johnson",{B6B7971A-4CB1-424E-89E8-FAAE626F4C89},R,"Coe College","Joey Sartain",{93C73A6B-2679-498F-90CE-7CA6D97FF73B},L,"Coe College","Wind Up",,Bottom,,,,Curveball,,Ball,,,,,,,30.450,4.709,-4.884,2103.00,21.260,6:45,1.307,0.813,1.617,-2.117,-0.565,-0.191,0.546,-0.778,27.395,-10.808,-6.290,0.576,,,,,,,,,,,,0.057,-0.303,-0.677,15.240,1.420,2.611,-29.844,1.794,0.645,5.919,-13.244,"Coe College","Coe College",,,,,{82A51AFF-F64A-45B9-B737-352853162D67},0.778,0.546
85,2021/09/12,12:44:00,0,0,"Tyce Johnson",{B6B7971A-4CB1-424E-89E8-FAAE626F4C89},R,"Coe College","Joey Sartain",{93C73A6B-2679-498F-90CE-7CA6D97FF73B},R,"Coe College","Wind Up",,Bottom,,,,"Four Seam Fastball",,"Swinging Strikeout",,,,,,,37.983,-0.361,-4.527,2254.00,258.649,2:30,1.430,0.745,1.670,-0.906,0.074,0.459,0.420,-0.090,34.939,-6.964,-1.176,0.451,,,,,,,,,,,,-0.272,0.051,-0.627,15.240,1.413,2.783,-37.467,-0.599,-5.045,6.804,-8.860,"Coe College","Coe College",,,,,{B67A2533-BFB3-4160-8FF2-57A6170B0F3E},0.090,0.420
86,2021/09/12,12:44:25,0,0,"Tyce Johnson",{B6B7971A-4CB1-424E-89E8-FAAE626F4C89},R,"Coe College","Daniel Hawes",{FA841584-9742-4351-A30A-4D84AAB259FD},R,"Coe College","Wind Up",,Bottom,,,,"Four Seam Fastball",,Ball,,,,,,,37.133,-0.245,-2.875,2136.00,278.924,3:15,1.377,0.687,1.670,-1.115,-0.093,0.457,0.192,0.323,34.232,-8.364,0.473,0.461,,,,,,,,,,,,-0.261,-0.036,-0.614,15.240,1.362,1.663,-36.677,-0.592,-4.627,6.693,-10.450,"Coe College","Coe College",,,,,{581260BB-56EF-4E5B-895B-D9682B9BD181},-0.323,0.192
87,2021/09/12,12:44:40,0,0,"Tyce Johnson",{B6B7971A-4CB1-424E-89E8-FAAE626F4C89},R,"Coe College","Daniel Hawes",{FA841584-9742-4351-A30A-4D84AAB259FD},R,"Coe College","Wind Up",,Bottom,,,,"Four Seam Fastball",,"Contact Out",,,,,,,37.516,-0.371,-3.307,2138.00,240.192,2:0,1.499,0.733,1.589,-0.788,0.220,0.434,0.605,0.218,34.235,-6.120,-0.137,0.460,,,,,,,,,,,,-0.252,0.133,-0.644,15.240,1.482,1.965,-37.074,-0.563,-4.523,7.285,-7.412,"Coe College","Coe College",,,,,{3B8DF60F-4476-4811-B0D6-D9354F59F0E2},-0.218,0.605
88,2021/09/12,12:47:30,0,0,"Michael Bonner",{CDC5DA87-5EBD-4F9E-B587-EE3146B8B2E0},R,"Coe College","Tyler Elliott",{C751F475-2DD6-4A35-9E9F-DB3D744F214B},R,"Coe College","Wind Up",,Top,,,,"Four Seam Fastball",,Ball,,,,,,,34.734,0.855,-1.845,2223.00,335.499,5:15,1.320,0.247,1.285,-1.569,-0.339,0.151,0.001,-0.141,32.562,-10.203,-0.769,0.502,,,,,,,,,,,,-0.087,-0.172,-0.187,15.240,1.329,1.037,-34.270,-0.180,-1.359,4.986,-12.510,"Coe College","Coe College",,,,,{5A7357C9-3907-499D-B92F-5E3AE9322DD0},0.141,0.001
89,2021/09/12,12:47:43,0,0,"Michael Bonner",{CDC5DA87-5EBD-4F9E-B587-EE3146B8B2E0},R,"Coe College","Tyler Elliott",{C751F475-2DD6-4A35-9E9F-DB3D744F214B},R,"Coe College","Wind Up",,Top,,,,"Four Seam Fastball",,"Foul Ball",,,,,,,34.982,1.195,-2.538,2121.00,289.594,3:45,1.364,0.217,1.347,-1.305,-0.100,0.249,0.407,-0.273,32.481,-8.085,-0.759,0.498,,,,,,,,,,,,-0.142,-0.052,-0.138,15.240,1.387,1.421,-34.487,0.157,-2.240,5.246,-10.632,"Coe College","Coe College",,,,,{269B5FC6-2B62-47DE-8C2B-E303337A9461},0.273,0.407
90,2021/09/12,12:48:02,0,0,"Michael Bonner",{CDC5DA87-5EBD-4F9E-B587-EE3146B8B2E0},R,"Coe College","Tyler Elliott",{C751F475-2DD6-4A35-9E9F-DB3D744F214B},R,"Coe College","Wind Up",,Top,,,,Slider,,Ball,,,,,,,31.729,3.096,-2.688,2333.00,99.989,9:15,1.389,0.301,1.210,-1.542,-0.037,-0.161,0.756,-0.649,28.292,-7.997,-3.851,0.566,,,,,,,,,,,,0.058,-0.012,-0.206,15.240,1.477,1.520,-31.011,1.065,0.720,6.087,-9.957,"Coe College","Coe College",,,,,{211EDD26-97C4-4CA1-B4F5-DB0E4AE194C2},0.649,0.756
91,2021/09/12,12:48:18,0,0,"Michael Bonner",{CDC5DA87-5EBD-4F9E-B587-EE3146B8B2E0},R,"Coe College","Tyler Elliott",{C751F475-2DD6-4A35-9E9F-DB3D744F214B},R,"Coe College","Wind Up",,Top,,,,"Four Seam Fastball",,"Foul Ball",,,,,,,35.002,-2.026,-0.317,2291.00,189.338,12:15,1.625,0.270,1.218,-0.682,0.528,0.090,0.348,0.268,32.264,-6.865,0.327,0.501,,,,,,,,,,,,-0.047,0.290,-0.260,15.240,1.546,0.151,-34.631,-1.535,-0.751,5.849,-5.226,"Coe College","Coe College",,,,,{EFD98ED9-1232-438E-80F7-291A4838D699},-0.268,0.348
92,2021/09/12,12:48:34,0,0,"Michael Bonner",{CDC5DA87-5EBD-4F9E-B587-EE3146B8B2E0},R,"Coe College","Tyler Elliott",{C751F475-2DD6-4A35-9E9F-DB3D744F214B},R,"Coe College","Wind Up",,Top,,,,Slider,,"Contact Out",,,,,,,31.610,2.602,-1.867,2213.00,18.488,6:30,1.246,0.401,1.214,-2.032,-0.530,-0.156,,,28.679,-11.908,-2.993,,36.853,5.051,-17.765,,,,,22.079,,,0.652,0.063,-0.258,-0.334,15.240,1.310,1.074,-31.030,0.602,0.781,5.995,-12.999,"Coe College","Coe College",,,,,{FB7E22B9-F601-4000-8918-2A3F828295F5},0.302,-0.023
93,2021/09/12,12:49:07,0,0,"Michael Bonner",{CDC5DA87-5EBD-4F9E-B587-EE3146B8B2E0},R,"Coe College","Nolan Cavanaugh",{9AFDA1EE-B1E1-4EEA-8A35-92D08D9FA3B1},R,"Coe College","Wind Up",,Top,,,,Slider,,"Called Strike",,,,,,,31.554,3.443,-0.836,2304.00,100.199,9:15,1.348,0.380,1.091,-1.528,0.002,-0.264,0.838,-0.131,28.589,-7.409,-2.719,0.567,,,,,,,,,,,,0.125,-0.002,-0.345,15.240,1.453,0.564,-31.008,1.223,1.564,5.387,-9.833,"Coe College","Coe College",,,,,{EB17AA27-BC34-4583-A81A-8A15C9E894D9},0.131,0.838
94,2021/09/12,12:49:22,0,0,"Michael Bonner",{CDC5DA87-5EBD-4F9E-B587-EE3146B8B2E0},R,"Coe College","Nolan Cavanaugh",{9AFDA1EE-B1E1-4EEA-8A35-92D08D9FA3B1},R,"Coe College","Wind Up",,Top,,,,Slider,,Ball,,,,,,,31.258,1.191,-1.322,2231.00,117.184,10:0,1.433,0.211,1.069,-1.444,0.101,-0.307,0.342,-0.486,28.431,-9.047,-3.512,0.572,,,,,,,,,,,,0.142,0.069,-0.158,15.240,1.457,0.841,-30.866,0.035,1.747,5.651,-8.959,"Coe College","Coe College",,,,,{C615773B-D1F2-45A4-AD96-D1FB66955E8C},0.486,0.342
95,2021/09/12,12:49:40,0,0,"Michael Bonner",{CDC5DA87-5EBD-4F9E-B587-EE3146B8B2E0},R,"Coe College","Nolan Cavanaugh",{9AFDA1EE-B1E1-4EEA-8A35-92D08D9FA3B1},R,"Coe College","Wind Up",,Top,,,,"Four Seam Fastball",,"Contact Out",,,,,,,34.834,0.937,-2.566,2302.00,260.735,2:45,1.399,0.238,1.241,-1.189,0.037,0.395,0.484,-0.119,31.924,-7.535,0.258,0.506,31.124,39.341,13.912,,,,,80.566,,,4.426,-0.217,0.026,-0.155,15.240,1.416,1.364,-34.343,0.034,-3.356,6.005,-9.404,"Coe College","Coe College",,,,,{3D50F0D1-30B3-43F7-990B-4A9D8D95831E},0.119,0.484
96,2021/09/12,12:50:10,0,0,"Michael Bonner",{CDC5DA87-5EBD-4F9E-B587-EE3146B8B2E0},R,"Coe College","Nolan Cavanaugh",{9AFDA1EE-B1E1-4EEA-8A35-92D08D9FA3B1},R,"Coe College","Wind Up",,Top,,,,Slider,,"Called Strike",,,,,,,31.460,4.140,-2.854,2095.00,328.048,5:0,1.296,0.439,1.119,-1.745,-0.198,0.095,0.775,-0.308,28.468,-8.250,-2.175,0.570,,,,,,,,,,,,-0.069,-0.107,-0.336,15.240,1.422,1.495,-30.784,1.509,-0.848,5.237,-11.131,"Coe College","Coe College",,,,,{218F491E-76F0-475C-9ABE-5835DA3C93EE},0.308,0.775
97,2021/09/12,12:50:27,0,0,"Michael Bonner",{CDC5DA87-5EBD-4F9E-B587-EE3146B8B2E0},R,"Coe College","Nolan Cavanaugh",{9AFDA1EE-B1E1-4EEA-8A35-92D08D9FA3B1},R,"Coe College","Wind Up",,Top,,,,Slider,,Ball,,,,,,,31.497,2.502,-2.574,2098.00,323.951,4:45,1.263,0.265,1.083,-1.947,-0.403,0.266,0.056,-0.230,28.938,-11.192,-0.683,0.568,,,,,,,,,,,,-0.150,-0.199,-0.173,15.240,1.328,1.276,-30.891,0.528,-1.877,5.015,-12.298,"Coe College","Coe College",,,,,{CA2BD30C-9249-4EE1-8F26-233DFEAD08D8},0.230,0.056
98,2021/09/12,12:50:41,0,0,"Michael Bonner",{CDC5DA87-5EBD-4F9E-B587-EE3146B8B2E0},R,"Coe College","Nolan Cavanaugh",{9AFDA1EE-B1E1-4EEA-8A35-92D08D9FA3B1},R,"Coe College","Wind Up",,Top,,,,"Four Seam Fastball",,Ball,,,,,,,34.688,0.831,-1.223,2324.00,6.007,6:15,1.312,0.500,1.260,-1.424,-0.194,-0.019,0.131,0.124,32.405,-9.226,-1.360,0.503,,,,,,,,,,,,0.003,-0.097,-0.459,15.240,1.322,0.741,-34.296,-0.136,0.041,5.189,-11.322,"Coe College","Coe College",,,,,{4441968E-8D76-4A93-ACD8-A0301AFC31F9},-0.124,0.131
99,2021/09/12,12:50:57,0,0,"Michael Bonner",{CDC5DA87-5EBD-4F9E-B587-EE3146B8B2E0},R,"Coe College","Nolan Cavanaugh",{9AFDA1EE-B1E1-4EEA-8A35-92D08D9FA3B1},R,"Coe College","Wind Up",,Top,,,,"Four Seam Fastball",,"Foul Ball",,,,,,,34.656,-0.841,-2.706,2221.00,203.921,12:45,1.522,0.234,1.237,-0.754,0.477,0.227,0.521,-0.331,31.593,-6.235,-1.077,0.508,,,,,,,,,,,,-0.134,0.265,-0.144,15.240,1.484,1.519,-34.256,-0.836,-2.058,6.328,-5.752,"Coe College","Coe College",,,,,{1D96C6A9-83ED-4907-A88F-222737E2CFCB},0.331,0.521
100,2021/09/12,12:51:16,0,0,"Michael Bonner",{CDC5DA87-5EBD-4F9E-B587-EE3146B8B2E0},R,"Coe College","Nolan Cavanaugh",{9AFDA1EE-B1E1-4EEA-8A35-92D08D9FA3B1},R,"Coe College","Wind Up",,Top,,,,Changeup,,Single,,,,,,,32.585,1.004,-2.287,1709.00,224.108,1:30,1.394,0.265,1.256,-1.072,0.321,0.337,0.617,-0.066,29.960,-6.636,0.127,0.538,,,,,,,,,,,,-0.186,0.169,-0.192,15.240,1.415,1.146,-32.208,0.120,-2.536,5.123,-7.494,"Coe College","Coe College",,,,,{97BA4F57-37C8-48F6-8B96-ECB5679ED153},0.066,0.617
101,2021/09/12,12:51:51,0,0,"Michael Bonner",{CDC5DA87-5EBD-4F9E-B587-EE3146B8B2E0},R,"Coe College","Alec Lovell",{5769EE29-D87A-4040-A9AA-E05D0587AACC},R,"Coe College","Wind Up",,Top,,,,"Four Seam Fastball",,Ball,,,,,,,34.946,1.206,2.236,2248.00,134.499,10:30,1.409,0.208,1.154,-0.883,0.341,-0.356,0.881,0.510,32.464,-5.020,-0.280,0.501,,,,,,,,,,,,0.190,0.167,-0.283,15.240,1.440,-1.184,-34.604,0.315,3.034,5.121,-7.133,"Coe College","Coe College",,,,,{E2DF3636-DAB5-42CE-959E-D5F674C28ADE},-0.510,0.881
102,2021/09/12,12:52:14,0,0,"Michael Bonner",{CDC5DA87-5EBD-4F9E-B587-EE3146B8B2E0},R,"Coe College","Alec Lovell",{5769EE29-D87A-4040-A9AA-E05D0587AACC},R,"Coe College","Wind Up",,Top,,,,"Four Seam Fastball",,Ball,,,,,,,35.068,-1.802,-2.993,2304.00,267.096,3:0,1.442,0.298,1.283,-1.171,0.031,0.546,,,33.194,-10.002,0.875,,,,,,,,,,,,,-0.290,0.023,-0.204,15.240,1.367,1.568,-34.686,-1.620,-4.702,4.549,-9.430,"Coe College","Coe College",,,,,{39E33A4D-2D09-4981-8E4E-E9337E95503D},0.031,-0.256
103,2021/09/12,12:52:46,0,0,"Michael Bonner",{CDC5DA87-5EBD-4F9E-B587-EE3146B8B2E0},R,"Coe College","Alec Lovell",{5769EE29-D87A-4040-A9AA-E05D0587AACC},R,"Coe College","Wind Up",,Top,,,,"Four Seam Fastball",,"Foul Ball",,,,,,,35.176,1.838,-2.121,2280.00,322.523,4:45,1.329,0.236,1.218,-1.293,-0.089,0.056,0.575,-0.330,32.568,-7.319,-1.720,0.499,,,,,,,,,,,,-0.041,-0.048,-0.163,15.240,1.376,1.261,-34.738,0.525,-0.659,5.545,-10.577,"Coe College","Coe College",,,,,{A2D6DC06-BC02-4FBE-BA24-A6211A42598E},0.330,0.575
104,2021/09/12,12:53:13,0,0,"Michael Bonner",{CDC5DA87-5EBD-4F9E-B587-EE3146B8B2E0},R,"Coe College","Alec Lovell",{5769EE29-D87A-4040-A9AA-E05D0587AACC},R,"Coe College","Wind Up",,Top,,,,"Four Seam Fastball",,"Foul Ball",,,,,,,35.455,-1.222,-3.354,2286.00,218.187,1:15,1.494,0.315,1.312,-0.806,0.359,0.297,0.331,-0.367,32.806,-6.961,-1.230,0.491,,,,,,,,,,,,-0.172,0.200,-0.208,15.240,1.444,1.926,-35.110,-1.108,-2.804,5.834,-6.553,"Coe College","Coe College",,,,,{CAAE8834-CDBC-4B7E-A5BC-90EB8014A575},0.367,0.331
105,2021/09/12,12:53:36,0,0,"Michael Bonner",{CDC5DA87-5EBD-4F9E-B587-EE3146B8B2E0},R,"Coe College","Alec Lovell",{5769EE29-D87A-4040-A9AA-E05D0587AACC},R,"Coe College","Wind Up",,Top,,,,Slider,,Single,,,,,,,32.137,0.971,-0.201,2294.00,100.531,9:15,1.399,0.357,1.081,-1.416,0.044,-0.552,0.270,-0.254,29.152,-9.083,-4.154,0.557,29.598,22.646,10.106,,,,,64.335,,,2.951,0.274,0.043,-0.342,15.240,1.415,0.348,-31.715,-0.070,3.544,6.128,-9.247,"Coe College","Coe College",,,,,{8FCA8E14-28D6-42AC-B058-941EB696E4D2},0.254,0.270
106,2021/09/12,12:54:14,0,0,"Michael Bonner",{CDC5DA87-5EBD-4F9E-B587-EE3146B8B2E0},R,"Coe College","Ethan Carey",{E5914E46-FDBD-4004-8A85-0D5FFFE3D012},R,"Coe College","Wind Up",,Top,,,,"Four Seam Fastball",,Ball,,,,,,,34.988,1.016,-0.509,2283.00,203.543,12:45,1.483,0.227,1.184,-0.762,0.453,0.210,1.020,0.288,31.957,-4.414,0.990,0.504,,,,,,,,,,,,-0.109,0.235,-0.212,15.240,1.509,0.212,-34.606,0.266,-1.711,6.168,-6.116,"Coe College","Coe College",,,,,{F10C4604-9A75-4495-A636-18377D66522A},-0.288,1.020
107,2021/09/12,12:54:32,0,0,"Michael Bonner",{CDC5DA87-5EBD-4F9E-B587-EE3146B8B2E0},R,"Coe College","Ethan Carey",{E5914E46-FDBD-4004-8A85-0D5FFFE3D012},R,"Coe College","Wind Up",,Top,,,,"Four Seam Fastball",,"Foul Ball",,,,,,,33.976,0.423,-3.518,2162.00,228.255,1:30,1.419,0.345,1.163,-1.043,0.259,0.312,0.501,-0.378,31.310,-6.951,-1.302,0.519,,,,,,,,,,,,-0.178,0.136,-0.224,15.240,1.420,1.920,-33.511,-0.221,-2.646,5.319,-7.781,"Coe College","Coe College",,,,,{8996FC07-E235-4CCA-95C6-4ABF8170DCE0},0.378,0.501
108,2021/09/12,12:54:52,0,0,"Michael Bonner",{CDC5DA87-5EBD-4F9E-B587-EE3146B8B2E0},R,"Coe College","Ethan Carey",{E5914E46-FDBD-4004-8A85-0D5FFFE3D012},R,"Coe College","Wind Up",,Top,,,,Slider,,"Called Strike",,,,,,,31.044,4.519,-0.514,1148.00,52.357,7:45,1.269,0.279,1.084,-1.893,-0.312,-0.324,0.714,-0.197,28.009,-8.951,-2.835,0.579,,,,,,,,,,,,0.158,-0.162,-0.255,15.240,1.410,0.407,-30.464,1.628,1.886,5.551,-11.742,"Coe College","Coe College",,,,,{AB7F48EB-AD2A-45AB-B5DF-EDC2C55454D3},0.197,0.714
109,2021/09/12,12:55:13,0,0,"Michael Bonner",{CDC5DA87-5EBD-4F9E-B587-EE3146B8B2E0},R,"Coe College","Ethan Carey",{E5914E46-FDBD-4004-8A85-0D5FFFE3D012},R,"Coe College","Wind Up",,Top,,,,"Four Seam Fastball",,Ball,,,,,,,35.116,0.747,-1.744,2195.00,185.215,12:15,1.526,0.295,1.206,-0.498,0.707,0.067,1.247,-0.150,32.168,-2.802,-1.270,0.500,,,,,,,,,,,,-0.045,0.361,-0.235,15.240,1.545,1.027,-34.726,0.226,-0.711,5.878,-4.059,"Coe College","Coe College",,,,,{44A2685E-FF40-4980-A15C-85698E80D2A8},0.150,1.247
110,2021/09/12,12:55:42,0,0,"Michael Bonner",{CDC5DA87-5EBD-4F9E-B587-EE3146B8B2E0},R,"Coe College","Ethan Carey",{E5914E46-FDBD-4004-8A85-0D5FFFE3D012},R,"Coe College","Wind Up",,Top,,,,,,,,,,,,,31.842,2.262,-2.292,2173.00,101.580,9:30,1.323,0.393,1.098,-1.477,0.013,-0.297,0.515,-0.580,29.002,-8.212,-4.404,0.560,,,,,,,,,,,,0.130,0.013,-0.305,15.240,1.386,1.382,-31.395,0.614,1.666,5.624,-9.638,"Coe College","Coe College",,,,,{7E8687D2-D157-4D6D-843E-D5F4FB0BF3C3},0.580,0.515
111,2021/09/12,12:56:01,0,0,"Michael Bonner",{CDC5DA87-5EBD-4F9E-B587-EE3146B8B2E0},R,"Coe College","Ethan Carey",{E5914E46-FDBD-4004-8A85-0D5FFFE3D012},R,"Coe College","Wind Up",,Top,,,,"Four Seam Fastball",,"Swinging Strikeout",,,,,,,35.161,0.528,-1.100,2431.00,211.864,1:0,1.454,0.196,1.314,-0.804,0.383,0.253,0.804,0.129,32.238,-5.231,0.717,0.497,,,,,,,,,,,,-0.136,0.204,-0.163,15.240,1.462,0.557,-34.769,-0.031,-2.165,6.024,-6.567,"Coe College","Coe College",,,,,{C1C71E93-158A-47BF-B18D-6772BD9723CE},-0.129,0.804
112,2021/09/12,12:58:37,0,0,"Jordan Joselit",{D304CF23-C8A4-483D-9EAF-266F496CC647},R,"Coe College","Gavin Guns",{5BEB1002-521D-49A3-A37D-35A7C73A3180},R,"Coe College","Wind Up",,Bottom,,,,"Four Seam Fastball",,Single,,,,,,,36.281,1.432,-2.360,2096.00,271.171,3:0,1.195,0.236,1.585,-1.109,-0.030,0.346,0.496,-0.095,33.355,-6.630,0.164,0.474,42.465,10.555,-20.878,,,,,49.334,,,1.375,-0.197,-0.013,-0.172,15.240,1.225,1.341,-35.879,0.455,-3.345,6.401,-10.033,"Coe College","Coe College",,,,,{8D13355E-B810-4E8B-8743-65171D92F610},0.095,0.496
113,2021/09/12,12:59:09,0,0,"Jordan Joselit",{D304CF23-C8A4-483D-9EAF-266F496CC647},R,"Coe College","Ryan Davis",{085A7B23-945D-4FAE-AE6C-E8B9B27C0A9B},R,"Coe College","Wind Up",,Bottom,,,,"Four Seam Fastball",,"Swinging Strike",,,,,,,35.116,-0.160,-2.107,1820.00,214.610,1:15,1.392,0.292,1.519,-0.711,0.448,0.321,0.634,0.007,32.407,-5.302,0.222,0.490,,,,,,,,,,,,-0.180,0.243,-0.233,15.240,1.380,1.150,-34.776,-0.383,-2.887,5.678,-5.912,"Coe College","Coe College",,,,,{DC6F046B-AEA9-4FFF-9AAD-22A1A374127C},-0.007,0.634
114,2021/09/12,12:59:27,0,0,"Jordan Joselit",{D304CF23-C8A4-483D-9EAF-266F496CC647},R,"Coe College","Ryan Davis",{085A7B23-945D-4FAE-AE6C-E8B9B27C0A9B},R,"Coe College","Wind Up",,Bottom,,,,Slider,,"Swinging Strike",,,,,,,30.389,3.506,-0.861,2134.00,87.064,9:0,1.322,0.460,1.327,-1.639,-0.050,-0.339,0.705,-0.130,28.000,-8.222,-3.300,0.575,,,,,,,,,,,,0.167,-0.033,-0.428,15.240,1.418,0.579,-30.059,1.227,1.980,4.664,-10.196,"Coe College","Coe College",,,,,{F0A13398-EE04-44D2-AB96-C845F187C071},0.130,0.705
115,2021/09/12,12:59:43,0,0,"Jordan Joselit",{D304CF23-C8A4-483D-9EAF-266F496CC647},R,"Coe College","Ryan Davis",{085A7B23-945D-4FAE-AE6C-E8B9B27C0A9B},R,"Coe College","Wind Up",,Bottom,,,,"Four Seam Fastball",,"Called Strikeout",,,,,,,36.326,0.688,-4.354,2133.00,247.266,2:15,1.272,0.396,1.602,-0.879,0.200,0.535,0.590,-0.318,33.236,-5.717,-0.454,0.474,,,,,,,,,,,,-0.311,0.113,-0.279,15.240,1.283,2.518,-35.849,0.085,-5.250,6.468,-7.901,"Coe College","Coe College",,,,,{76F96F1D-A833-41B2-9942-F376C25E418E},0.318,0.590
116,2021/09/12,13:00:08,0,0,"Jordan Joselit",{D304CF23-C8A4-483D-9EAF-266F496CC647},R,"Coe College","Ryan Davis",{085A7B23-945D-4FAE-AE6C-E8B9B27C0A9B},R,"Coe College","Wind Up",,Bottom,,,,"Four Seam Fastball",,Ball,,,,,,,35.423,-0.028,-2.425,1921.00,295.346,3:45,1.259,0.297,1.547,-1.308,-0.171,0.314,,,32.831,-9.461,-0.138,,,,,,,,,,,,,-0.180,-0.078,-0.230,15.240,1.245,1.359,-35.039,-0.537,-2.916,6.043,-11.062,"Coe College","Coe College",,,,,{444C77C0-2426-4405-B687-41CB4859D0BD},0.086,-0.058
117,2021/09/12,13:00:44,0,0,"Jordan Joselit",{D304CF23-C8A4-483D-9EAF-266F496CC647},R,"Coe College","Ryan Davis",{085A7B23-945D-4FAE-AE6C-E8B9B27C0A9B},R,"Coe College","Wind Up",,Bottom,,,,"Four Seam Fastball",,"Foul Ball",,,,,,,35.577,0.372,-2.548,2046.00,218.361,1:15,1.397,0.399,1.550,-0.719,0.409,0.353,0.785,0.020,32.186,-4.889,0.040,0.487,,,,,,,,,,,,-0.205,0.231,-0.329,15.240,1.401,1.424,-35.130,-0.055,-3.282,6.946,-6.100,"Coe College","Coe College",,,,,{B8F43E13-3BBE-4071-BE2C-03DC00F93C44},-0.020,0.785
118,2021/09/12,13:01:13,0,0,"Jordan Joselit",{D304CF23-C8A4-483D-9EAF-266F496CC647},R,"Coe College","Ryan Davis",{085A7B23-945D-4FAE-AE6C-E8B9B27C0A9B},R,"Coe College","Wind Up",,Bottom,,,,Slider,,"Contact Out",,,,,,,30.003,4.231,0.314,2013.00,76.687,8:30,1.379,0.459,1.181,-1.820,-0.161,-0.445,0.804,0.107,27.310,-8.766,-2.884,0.591,29.012,41.146,17.577,,,,,70.792,,,4.158,0.227,-0.086,-0.465,15.240,1.505,0.010,-29.618,1.485,2.575,5.084,-10.788,"Coe College","Coe College",,,,,{D2372568-DD77-41BD-99A1-CC85EE26342D},-0.107,0.804
119,2021/09/12,13:01:47,0,0,"Jordan Joselit",{D304CF23-C8A4-483D-9EAF-266F496CC647},R,"Coe College","Nico Catan",{30C94C37-7E2F-41DA-8D1C-D1BAFA10A6DB},R,"Coe College","Wind Up",,Bottom,,,,"Four Seam Fastball",,"Swinging Strike",,,,,,,36.159,-0.386,-3.761,1984.00,223.116,1:30,1.275,0.500,1.564,-0.560,0.532,0.533,0.604,-0.048,32.658,-4.489,0.144,0.480,,,,,,,,,,,,-0.309,0.302,-0.397,15.240,1.259,2.133,-35.664,-0.463,-5.101,7.154,-4.821,"Coe College","Coe College",,,,,{E9017E18-CAD4-477F-BB6A-50CD8E714A37},0.048,0.604
120,2021/09/12,13:02:04,0,0,"Jordan Joselit",{D304CF23-C8A4-483D-9EAF-266F496CC647},R,"Coe College","Nico Catan",{30C94C37-7E2F-41DA-8D1C-D1BAFA10A6DB},R,"Coe College","Wind Up",,Bottom,,,,Slider,,"Foul Ball",,,,,,,30.727,3.166,-0.144,2137.00,85.595,8:45,1.391,0.491,1.340,-1.638,-0.085,-0.447,0.675,0.002,27.994,-8.629,-3.379,0.572,,,,,,,,,,,,0.228,-0.042,-0.481,15.240,1.475,0.243,-30.345,1.068,2.718,5.318,-10.311,"Coe College","Coe College",,,,,{B779487E-19EE-40E9-9577-304F9D9C8EC6},-0.002,0.675
121,2021/09/12,13:02:27,0,0,"Jordan Joselit",{D304CF23-C8A4-483D-9EAF-266F496CC647},R,"Coe College","Nico Catan",{30C94C37-7E2F-41DA-8D1C-D1BAFA10A6DB},R,"Coe College","Wind Up",,Bottom,,,,"Four Seam Fastball",,"Called Strikeout",,,,,,,37.454,1.507,-1.201,2035.00,320.408,4:45,1.162,0.412,1.569,-1.340,-0.323,0.247,0.255,0.314,34.394,-8.224,0.600,0.461,,,,,,,,,,,,-0.138,-0.167,-0.380,15.240,1.193,0.673,-36.971,0.419,-2.468,7.031,-12.799,"Coe College","Coe College",,,,,{92B22690-0D87-493E-81AF-1695A530B5B2},-0.314,0.255
122,2021/09/12,13:04:27,0,0,"Michael Bonner",{CDC5DA87-5EBD-4F9E-B587-EE3146B8B2E0},R,"Coe College","Kane Deutmeyer",{FCF4F141-FCFE-4A78-98AC-858696C9C912},L,"Coe College","Wind Up",,Top,,,,Curveball,,"Contact Out",,,,,,,30.195,4.401,0.783,2165.00,60.700,8:0,1.414,0.232,1.021,-1.868,-0.175,-0.251,0.854,0.214,27.623,-8.733,-0.991,0.593,,,,,,,,,,,,0.129,-0.100,-0.258,15.240,1.553,-0.301,-29.632,1.505,1.485,4.485,-10.955,"Coe College","Coe College",,,,,{219E3A14-6041-4AC1-B9D1-03A7B176E7E5},-0.214,0.854
123,2021/09/12,13:04:58,0,0,"Michael Bonner",{CDC5DA87-5EBD-4F9E-B587-EE3146B8B2E0},R,"Coe College","Jadon Moore",{6255A87F-34BA-4CED-BFC7-7B9FD5C9966B},R,"Coe College","Wind Up",,Top,,,,"Four Seam Fastball",,Ball,,,,,,,33.642,0.846,-0.564,2256.00,195.685,12:30,1.518,0.262,1.149,-0.767,0.554,0.161,1.000,0.257,31.002,-4.588,0.576,0.523,,,,,,,,,,,,-0.084,0.280,-0.244,15.240,1.537,0.256,-33.299,0.147,-1.228,5.198,-5.694,"Coe College","Coe College",,,,,{97664651-9402-4A90-99AF-03A97B332B23},-0.257,1.000
124,2021/09/12,13:05:11,0,0,"Michael Bonner",{CDC5DA87-5EBD-4F9E-B587-EE3146B8B2E0},R,"Coe College","Jadon Moore",{6255A87F-34BA-4CED-BFC7-7B9FD5C9966B},R,"Coe College","Wind Up",,Top,,,,"Four Seam Fastball",,Ball,,,,,,,32.881,1.103,-0.225,2152.00,184.916,12:15,1.646,0.078,1.177,-0.613,0.766,0.068,1.357,0.080,30.061,-3.266,0.261,0.536,,,,,,,,,,,,-0.036,0.390,-0.071,15.240,1.677,0.098,-32.513,0.361,-0.496,5.280,-4.378,"Coe College","Coe College",,,,,{CB028AFC-84B1-4573-A203-EEB8193A2084},-0.080,1.357
125,2021/09/12,13:05:25,0,0,"Michael Bonner",{CDC5DA87-5EBD-4F9E-B587-EE3146B8B2E0},R,"Coe College","Jadon Moore",{6255A87F-34BA-4CED-BFC7-7B9FD5C9966B},R,"Coe College","Wind Up",,Top,,,,"Four Seam Fastball",,"Called Strike",,,,,,,33.476,0.381,-0.599,2102.00,191.636,12:30,1.552,0.191,1.214,-0.736,0.588,0.125,0.928,0.141,30.793,-4.853,0.296,0.524,,,,,,,,,,,,-0.067,0.304,-0.172,15.240,1.556,0.292,-33.136,-0.099,-0.970,5.287,-5.399,"Coe College","Coe College",,,,,{A7C524DE-C8FC-4BD2-86EF-7A64015ABEEB},-0.141,0.928
126,2021/09/12,13:05:38,0,0,"Michael Bonner",{CDC5DA87-5EBD-4F9E-B587-EE3146B8B2E0},R,"Coe College","Jadon Moore",{6255A87F-34BA-4CED-BFC7-7B9FD5C9966B},R,"Coe College","Wind Up",,Top,,,,Curveball,,Ball,,,,,,,29.810,2.894,-1.734,2007.00,49.935,7:45,1.284,0.403,1.099,-2.078,-0.383,-0.384,0.062,-0.494,27.394,-11.784,-4.480,0.598,,,,,,,,,,,,0.178,-0.184,-0.334,15.240,1.361,1.044,-29.431,0.665,1.993,5.112,-11.870,"Coe College","Coe College",,,,,{569ED91A-27E2-46CC-B7CA-9C08D41E68FE},0.494,0.062
127,2021/09/12,13:05:53,0,0,"Michael Bonner",{CDC5DA87-5EBD-4F9E-B587-EE3146B8B2E0},R,"Coe College","Jadon Moore",{6255A87F-34BA-4CED-BFC7-7B9FD5C9966B},R,"Coe College","Wind Up",,Top,,,,"Four Seam Fastball",,"Contact Out",,,,,,,33.431,0.070,-1.090,2105.00,204.309,12:45,1.425,0.236,1.276,-0.930,0.389,0.185,0.516,0.103,30.833,-6.557,0.236,0.523,,,,,,,,,,,,-0.101,0.207,-0.202,15.240,1.416,0.551,-33.078,-0.354,-1.456,5.263,-6.813,"Coe College","Coe College",,,,,{BC73C22C-25F1-41D1-A7FA-A0C92615AF21},-0.103,0.516
128,2021/09/12,13:06:23,0,0,"Michael Bonner",{CDC5DA87-5EBD-4F9E-B587-EE3146B8B2E0},R,"Coe College","Jacob Brosius",{0ED626C7-A04F-4BB2-B809-3BB96A879005},L,"Coe College","Wind Up",,Top,,,,Curveball,,Ball,,,,,,,30.090,3.991,0.519,2105.00,48.057,7:30,1.264,0.467,1.062,-2.102,-0.420,-0.408,0.345,0.213,27.525,-10.856,-2.390,0.595,,,,,,,,,,,,0.207,-0.213,-0.481,15.240,1.383,-0.103,-29.625,1.214,2.352,5.002,-12.235,"Coe College","Coe College",,,,,{DE8EDFD4-ACA2-4BC3-942B-273EF9487C6B},-0.213,0.345
129,2021/09/12,13:06:40,0,0,"Michael Bonner",{CDC5DA87-5EBD-4F9E-B587-EE3146B8B2E0},R,"Coe College","Jacob Brosius",{0ED626C7-A04F-4BB2-B809-3BB96A879005},L,"Coe College","Wind Up",,Top,,,,Changeup,,"Contact Out",,,,,,,31.943,2.809,-2.257,1561.00,285.209,3:30,1.232,0.270,1.245,-1.550,-0.098,0.284,0.505,-0.106,29.622,-8.187,-0.229,0.548,30.570,35.827,-12.658,,,,,79.328,,,4.201,-0.157,-0.057,-0.196,15.240,1.308,1.128,-31.580,0.914,-2.078,4.647,-10.554,"Coe College","Coe College",,,,,{AB7CB7FE-D2ED-4B54-8BC8-3ACC6B28B981},0.106,0.505
130,2021/09/12,13:08:38,0,0,"Jordan Joselit",{D304CF23-C8A4-483D-9EAF-266F496CC647},R,"Coe College","Garrett Swain",{D091E1D8-D47E-4B0A-B210-DF7B782826D1},R,"Coe College","Wind Up",,Bottom,,,,"Four Seam Fastball",,Ball,,,,,,,36.356,-0.085,-4.643,2153.00,228.257,1:30,1.290,0.413,1.604,-0.672,0.403,0.488,0.594,-0.431,32.999,-5.005,-1.070,0.475,,,,,,,,,,,,-0.292,0.230,-0.288,15.240,1.282,2.723,-35.891,-0.317,-4.897,7.019,-5.947,"Coe College","Coe College",,,,,{3B5FA1B1-4E73-470E-A332-FCF271D283CF},0.431,0.594
131,2021/09/12,13:08:52,0,0,"Jordan Joselit",{D304CF23-C8A4-483D-9EAF-266F496CC647},R,"Coe College","Garrett Swain",{D091E1D8-D47E-4B0A-B210-DF7B782826D1},R,"Coe College","Wind Up",,Bottom,,,,"Four Seam Fastball",,"Foul Ball",,,,,,,35.874,3.076,-2.204,1949.00,279.148,3:15,1.212,0.334,1.551,-1.195,-0.081,0.415,0.902,0.115,33.123,-5.565,0.801,0.480,,,,,,,,,,,,-0.230,-0.054,-0.274,15.240,1.290,1.196,-35.419,1.422,-3.826,5.670,-10.700,"Coe College","Coe College",,,,,{C6386E9C-B90C-4790-A768-60BE98201EE1},-0.115,0.902
132,2021/09/12,13:09:11,0,0,"Jordan Joselit",{D304CF23-C8A4-483D-9EAF-266F496CC647},R,"Coe College","Garrett Swain",{D091E1D8-D47E-4B0A-B210-DF7B782826D1},R,"Coe College","Wind Up",,Bottom,,,,Curveball,,"Called Strike",,,,,,,30.144,3.683,0.516,2176.00,72.685,8:30,1.353,0.504,1.199,-1.814,-0.170,-0.395,0.621,0.261,27.568,-9.243,-2.315,0.587,,,,,,,,,,,,0.203,-0.090,-0.517,15.240,1.458,-0.115,-29.747,1.211,2.334,4.919,-10.840,"Coe College","Coe College",,,,,{A642F8B0-2016-4E8A-A120-5663E1264AA1},-0.261,0.621
133,2021/09/12,13:09:23,0,0,"Jordan Joselit",{D304CF23-C8A4-483D-9EAF-266F496CC647},R,"Coe College","Garrett Swain",{D091E1D8-D47E-4B0A-B210-DF7B782826D1},R,"Coe College","Wind Up",,Bottom,,,,"Four Seam Fastball",,Ball,,,,,,,35.911,0.445,-3.094,2102.00,285.669,3:30,1.304,0.191,1.543,-1.230,-0.113,0.349,0.203,-0.351,33.244,-8.411,-0.569,0.480,,,,,,,,,,,,-0.201,-0.054,-0.104,15.240,1.305,1.772,-35.393,-0.222,-3.333,5.783,-10.699,"Coe College","Coe College",,,,,{1BC72856-35E8-4970-9CCF-BBF6348EEC69},0.351,0.203
134,2021/09/12,13:09:39,0,0,"Jordan Joselit",{D304CF23-C8A4-483D-9EAF-266F496CC647},R,"Coe College","Garrett Swain",{D091E1D8-D47E-4B0A-B210-DF7B782826D1},R,"Coe College","Wind Up",,Bottom,,,,"Four Seam Fastball",,"Foul Ball",,,,,,,37.014,-1.389,-2.709,2024.00,223.029,1:30,1.395,0.401,1.501,-0.502,0.541,0.529,0.492,0.148,33.879,-5.032,1.134,0.467,,,,,,,,,,,,-0.294,0.304,-0.326,15.240,1.349,1.510,-36.651,-1.102,-5.177,6.915,-4.442,"Coe College","Coe College",,,,,{B4739262-11C4-43C1-BB35-030FCFA7B88F},-0.148,0.492
135,2021/09/12,13:09:54,0,0,"Jordan Joselit",{D304CF23-C8A4-483D-9EAF-266F496CC647},R,"Coe College","Garrett Swain",{D091E1D8-D47E-4B0A-B210-DF7B782826D1},R,"Coe College","Wind Up",,Bottom,,,,Curveball,,"Contact Out",,,,,,,30.528,1.884,0.385,2142.00,93.157,9:0,1.405,0.409,1.240,-1.611,-0.032,-0.550,0.346,-0.029,27.822,-9.659,-3.590,0.578,30.749,3.304,-15.779,,,,,13.626,,,0.479,0.282,0.000,-0.415,15.240,1.450,0.009,-30.242,0.375,3.324,5.581,-9.810,"Coe College","Coe College",,,,,{47653A6F-B764-43E9-AA43-4C644E8D10C4},0.029,0.346
136,2021/09/12,13:10:24,0,0,"Jordan Joselit",{D304CF23-C8A4-483D-9EAF-266F496CC647},R,"Coe College","Trevor Weber",{2F161A94-BAAB-4CEC-A245-98DFF87E85C1},R,"Coe College","Wind Up",,Bottom,,,,"Four Seam Fastball",,"Called Strike",,,,,,,36.283,0.541,-2.999,2163.00,223.977,1:30,1.356,0.351,1.556,-0.640,0.449,0.465,0.872,-0.046,32.814,-4.136,0.406,0.478,,,,,,,,,,,,-0.266,0.249,-0.269,15.240,1.366,1.687,-35.759,0.082,-4.437,7.010,-5.662,"Coe College","Coe College",,,,,{18C3CBE2-602F-4AE9-B7AD-533BF2FC848A},0.046,0.872
137,2021/09/12,13:10:34,0,0,"Jordan Joselit",{D304CF23-C8A4-483D-9EAF-266F496CC647},R,"Coe College","Trevor Weber",{2F161A94-BAAB-4CEC-A245-98DFF87E85C1},R,"Coe College","Wind Up",,Bottom,,,,Curveball,,Ball,,,,,,,30.488,4.858,-0.644,2158.00,69.221,8:15,1.354,0.476,1.425,-1.778,-0.204,-0.401,0.986,-0.112,27.627,-8.020,-3.561,0.576,,,,,,,,,,,,0.203,-0.117,-0.451,15.240,1.487,0.479,-29.995,1.918,2.360,5.207,-11.168,"Coe College","Coe College",,,,,{038AE34F-7A3F-4209-A07D-C5F83DF04B68},0.112,0.986
138,2021/09/12,13:10:46,0,0,"Jordan Joselit",{D304CF23-C8A4-483D-9EAF-266F496CC647},R,"Coe College","Trevor Weber",{2F161A94-BAAB-4CEC-A245-98DFF87E85C1},R,"Coe College","Wind Up",,Bottom,,,,"Four Seam Fastball",,"Called Strike",,,,,,,36.614,1.227,-4.004,1962.00,258.266,2:30,1.262,0.423,1.573,-0.934,0.129,0.753,0.681,0.026,33.453,-5.573,1.491,0.471,,,,,,,,,,,,-0.423,0.073,-0.316,15.240,1.288,2.228,-36.171,0.400,-7.256,6.771,-8.557,"Coe College","Coe College",,,,,{18BC3BDE-6327-41FF-87E9-1AE7CA58DCD7},-0.026,0.681
139,2021/09/12,13:10:57,0,0,"Jordan Joselit",{D304CF23-C8A4-483D-9EAF-266F496CC647},R,"Coe College","Trevor Weber",{2F161A94-BAAB-4CEC-A245-98DFF87E85C1},R,"Coe College","Wind Up",,Bottom,,,,Curveball,,"Swinging Strikeout",,,,,,,,,,,,,,,,,,,,,,,,,,,,,,,,,,,,,,,,,,,,,,,"Coe College","Coe College",,,,,{450DD1D7-0BF2-4E5A-8475-C02D43588EA0},,
140,2021/09/12,13:11:19,0,0,"Jordan Joselit",{D304CF23-C8A4-483D-9EAF-266F496CC647},R,"Coe College","Will  Young",{01EB9425-A76F-48A8-BAB3-C7F0EC906AD4},R,"Coe College","Wind Up",,Bottom,,,,"Four Seam Fastball",,,,,,,,,36.418,0.170,-2.621,1963.00,263.583,2:45,1.123,0.464,1.558,-1.052,0.023,0.479,0.120,0.190,33.281,-7.480,0.882,0.475,,,,,,,,,,,,-0.270,0.027,-0.393,15.240,1.118,1.454,-35.976,-0.317,-4.569,6.945,-9.350,"Coe College","Coe College",,,,,{1CE052A8-AB7D-4814-89C3-8610E7EC7D7B},-0.190,0.120
141,2021/09/12,13:11:31,0,0,"Jordan Joselit",{D304CF23-C8A4-483D-9EAF-266F496CC647},R,"Coe College","Will  Young",{01EB9425-A76F-48A8-BAB3-C7F0EC906AD4},R,"Coe College","Wind Up",,Bottom,,,,"Four Seam Fastball",,"Foul Ball",,,,,,,35.930,0.635,-2.765,2133.00,239.599,2:0,1.228,0.486,1.631,-0.835,0.260,0.481,0.574,0.176,32.985,-5.457,0.749,0.477,,,,,,,,,,,,-0.272,0.145,-0.414,15.240,1.238,1.530,-35.521,0.071,-4.521,6.205,-7.404,"Coe College","Coe College",,,,,{751310E5-1E6E-4A0F-849F-B8B300127970},-0.176,0.574
142,2021/09/12,13:11:45,0,0,"Jordan Joselit",{D304CF23-C8A4-483D-9EAF-266F496CC647},R,"Coe College","Will  Young",{01EB9425-A76F-48A8-BAB3-C7F0EC906AD4},R,"Coe College","Wind Up",,Bottom,,,,Curveball,,Ball,,,,,,,30.548,3.683,0.785,2184.00,31.919,7:0,1.196,0.499,1.408,-1.998,-0.443,-0.244,0.266,0.482,28.012,-10.727,-0.993,0.572,,,,,,,,,,,,0.132,-0.232,-0.521,15.240,1.290,-0.326,-30.203,1.223,1.564,5.232,-12.546,"Coe College","Coe College",,,,,{B8DE3EBB-E794-4D2C-8A23-EE3C3FAF6ACF},-0.482,0.266
143,2021/09/12,13:12:00,0,0,"Jordan Joselit",{D304CF23-C8A4-483D-9EAF-266F496CC647},R,"Coe College","Will  Young",{01EB9425-A76F-48A8-BAB3-C7F0EC906AD4},L,"Coe College","Wind Up",,Bottom,,,,"Four Seam Fastball",,Ball,,,,,,,36.843,5.817,-5.417,2013.00,297.568,4:0,0.791,0.470,1.685,-1.332,-0.287,0.460,1.129,-0.618,32.913,-4.005,-2.023,0.471,,,,,,,,,,,,-0.290,-0.178,-0.330,15.240,0.935,3.259,-36.193,3.203,-4.894,7.879,-12.819,"Coe College","Coe College",,,,,{4D86E9B9-7BC9-424F-A17C-9D94D6558A5F},0.618,1.129
144,2021/09/12,13:12:19,0,0,"Jordan Joselit",{D304CF23-C8A4-483D-9EAF-266F496CC647},R,"Coe College","Will  Young",{01EB9425-A76F-48A8-BAB3-C7F0EC906AD4},L,"Coe College","Wind Up",,Bottom,,,,"Four Seam Fastball",,Ball,,,,,,,35.932,-1.975,0.270,2122.00,131.937,10:30,1.285,0.350,1.565,-0.812,0.284,-0.356,,,32.836,-7.880,-2.340,,,,,,,,,,,,,0.189,0.183,-0.355,15.240,1.221,-0.027,-35.614,-1.550,3.116,7.165,-6.788,"Coe College","Coe College",,,,,{F3157127-7763-4E4A-BA54-18F6742F9AD2},-0.072,-0.094
145,2021/09/12,13:12:57,0,0,"Jordan Joselit",{D304CF23-C8A4-483D-9EAF-266F496CC647},R,"Coe College","Joey Sartain",{93C73A6B-2679-498F-90CE-7CA6D97FF73B},R,"Coe College","Wind Up",,Bottom,,,,"Four Seam Fastball",,"Foul Ball",,,,,,,36.107,0.801,-2.038,2086.00,217.654,1:15,1.365,0.426,1.578,-0.682,0.406,0.337,0.913,0.178,32.849,-4.189,0.428,0.478,,,,,,,,,,,,-0.192,0.224,-0.371,15.240,1.382,1.138,-35.726,0.229,-3.197,6.857,-6.079,"Coe College","Coe College",,,,,{465D8FCC-2CFC-4815-93FF-DB7AE03AF051},-0.178,0.913
146,2021/09/12,13:13:20,0,0,"Jordan Joselit",{D304CF23-C8A4-483D-9EAF-266F496CC647},R,"Coe College","Joey Sartain",{93C73A6B-2679-498F-90CE-7CA6D97FF73B},R,"Coe College","Wind Up",,Bottom,,,,Curveball,,"Foul Ball",,,,,,,29.501,3.838,0.019,2099.00,68.354,8:15,1.283,0.589,1.272,-1.826,-0.133,-0.196,0.580,0.398,26.925,-9.263,-1.400,0.597,,,,,,,,,,,,0.100,-0.070,-0.587,15.240,1.391,0.063,-29.178,1.284,1.104,4.915,-10.575,"Coe College","Coe College",,,,,{CA581274-0C6D-4957-8FCF-E7AD01E8D099},-0.398,0.580
147,2021/09/12,13:14:11,0,0,"Jordan Joselit",{D304CF23-C8A4-483D-9EAF-266F496CC647},R,"Coe College","Joey Sartain",{93C73A6B-2679-498F-90CE-7CA6D97FF73B},R,"Coe College","Wind Up",,Bottom,,,,Slider,,"Contact Out",,,,,,,33.004,0.483,-3.007,1485.00,232.512,1:45,1.256,0.458,1.505,-1.116,0.202,0.302,0.280,-0.108,30.348,-7.581,-0.818,0.524,,,,,,,,,,,,-0.177,0.117,-0.372,15.240,1.259,1.601,-32.630,-0.145,-2.480,5.402,-8.171,"Coe College","Coe College",,,,,{CAEF9E26-A8D1-47EF-A32E-6480752E67D7},0.108,0.280
148,2021/09/12,13:16:14,0,0,"Michael Bonner",{CDC5DA87-5EBD-4F9E-B587-EE3146B8B2E0},R,"Coe College","Jacob Brosius",{0ED626C7-A04F-4BB2-B809-3BB96A879005},L,"Coe College","Wind Up",,Top,,,,Curveball,,"Foul Ball",,,,,,,30.636,2.212,-0.510,2265.00,78.794,8:45,1.476,0.306,0.960,-1.714,-0.082,-0.196,0.421,-0.042,28.138,-9.809,-1.894,0.584,,,,,,,,,,,,0.092,-0.035,-0.283,15.240,1.535,0.354,-30.262,0.431,1.102,4.992,-10.226,"Coe College","Coe College",,,,,{7BCC051A-B952-407B-B738-2CD12E89590E},0.042,0.421
149,2021/09/12,13:16:29,0,0,"Michael Bonner",{CDC5DA87-5EBD-4F9E-B587-EE3146B8B2E0},R,"Coe College","Jacob Brosius",{0ED626C7-A04F-4BB2-B809-3BB96A879005},L,"Coe College","Wind Up",,Top,,,,Curveball,,"Called Strike",,,,,,,30.411,2.739,-0.398,2295.00,101.525,9:30,1.451,0.314,1.016,-1.602,0.045,-0.490,0.662,-0.294,27.674,-8.587,-3.884,0.589,,,,,,,,,,,,0.239,0.028,-0.292,15.240,1.532,0.413,-30.003,0.768,2.788,5.228,-9.479,"Coe College","Coe College",,,,,{6AC5133D-2FCA-4C28-BE4C-5CF4574F31D2},0.294,0.662
150,2021/09/12,13:16:49,0,0,"Michael Bonner",{CDC5DA87-5EBD-4F9E-B587-EE3146B8B2E0},R,"Coe College","Jacob Brosius",{0ED626C7-A04F-4BB2-B809-3BB96A879005},L,"Coe College","Wind Up",,Top,,,,"Four Seam Fastball",,Ball,,,,,,,34.509,1.443,-0.643,2316.00,161.213,11:15,1.538,0.071,1.254,-0.808,0.435,-0.160,1.152,-0.276,31.340,-4.355,-1.789,0.510,,,,,,,,,,,,0.076,0.227,-0.047,15.240,1.577,0.452,-34.066,0.506,1.155,6.243,-6.362,"Coe College","Coe College",,,,,{810A8B1E-3540-4085-8CAF-9CD7D89991CB},0.276,1.152
151,2021/09/12,13:17:05,0,0,"Michael Bonner",{CDC5DA87-5EBD-4F9E-B587-EE3146B8B2E0},R,"Coe College","Jacob Brosius",{0ED626C7-A04F-4BB2-B809-3BB96A879005},L,"Coe College","Wind Up",,Top,,,,Curveball,,Single,,,,,,,30.597,3.442,-0.818,2247.00,74.626,8:30,1.345,0.323,0.954,-1.838,-0.195,-0.518,0.533,-0.438,27.942,-9.472,-4.486,0.588,32.301,23.498,28.169,,,,,71.938,,,3.072,0.248,-0.096,-0.283,15.240,1.451,0.652,-30.145,1.026,2.925,5.193,-10.942,"Coe College","Coe College",,,,,{690E38CB-D31D-45A6-9DB5-F939E645D7F7},0.438,0.533
152,2021/09/12,13:17:36,0,0,"Michael Bonner",{CDC5DA87-5EBD-4F9E-B587-EE3146B8B2E0},R,"Coe College","Jack Allison",{258C8E8B-E0A5-44C0-81F8-A6FFFF79EAFE},R,"Coe College","Wind Up",,Top,,,,"Four Seam Fastball",,"Called Strike",,,,,,,33.177,0.263,-0.909,2271.00,173.820,11:45,1.539,0.359,1.076,-0.806,0.567,-0.065,0.811,0.025,30.181,-5.454,-1.374,0.536,,,,,,,,,,,,0.026,0.298,-0.324,15.240,1.538,0.549,-32.752,-0.211,0.363,5.759,-5.633,"Coe College","Coe College",,,,,{A284FF85-D8DB-45E3-A2B7-B307D06D40E3},-0.025,0.811
153,2021/09/12,13:17:54,0,0,"Michael Bonner",{CDC5DA87-5EBD-4F9E-B587-EE3146B8B2E0},R,"Coe College","Jack Allison",{258C8E8B-E0A5-44C0-81F8-A6FFFF79EAFE},R,"Coe College","Wind Up",,Top,,,,Curveball,,"Contact Out",,,,,,,29.968,4.037,-0.181,2210.00,59.402,8:0,1.299,0.430,1.057,-1.959,-0.261,-0.330,0.536,0.047,27.107,-9.878,-2.539,0.600,,,,,,,,,,,,0.162,-0.131,-0.418,15.240,1.422,0.225,-29.463,1.292,1.815,5.278,-11.265,"Coe College","Coe College",,,,,{0F9A481B-5288-43E3-8DFC-811084C32E5A},-0.047,0.536
154,2021/09/12,13:18:29,0,0,"Michael Bonner",{CDC5DA87-5EBD-4F9E-B587-EE3146B8B2E0},R,"Coe College","Nolan Cavanaugh",{9AFDA1EE-B1E1-4EEA-8A35-92D08D9FA3B1},R,"Coe College","Wind Up",,Top,,,,Curveball,,Ball,,,,,,,30.332,-0.590,-1.955,2246.00,70.133,8:15,1.431,0.340,1.166,-1.788,-0.165,-0.292,,,27.987,-13.186,-4.051,,,,,,,,,,,,,0.131,-0.048,-0.267,15.240,1.386,1.138,-29.971,-1.012,1.519,5.384,-10.367,"Coe College","Coe College",,,,,{79BD9F82-5DE5-4848-A519-CEDB7D542953},0.527,-0.530
155,2021/09/12,13:18:45,0,0,"Michael Bonner",{CDC5DA87-5EBD-4F9E-B587-EE3146B8B2E0},R,"Coe College","Nolan Cavanaugh",{9AFDA1EE-B1E1-4EEA-8A35-92D08D9FA3B1},R,"Coe College","Wind Up",,Top,,,,"Four Seam Fastball",,Ball,,,,,,,33.781,1.897,-2.421,2346.00,209.183,1:0,1.458,0.322,1.102,-1.087,0.232,0.144,0.931,-0.249,31.008,-5.793,-1.402,0.524,,,,,,,,,,,,-0.087,0.115,-0.235,15.240,1.512,1.346,-33.394,0.612,-1.283,5.537,-8.114,"Coe College","Coe College",,,,,{31937023-4A78-4397-9BBA-9285F8FC0C4E},0.249,0.931
156,2021/09/12,13:18:59,0,0,"Michael Bonner",{CDC5DA87-5EBD-4F9E-B587-EE3146B8B2E0},R,"Coe College","Nolan Cavanaugh",{9AFDA1EE-B1E1-4EEA-8A35-92D08D9FA3B1},R,"Coe College","Wind Up",,Top,,,,"Four Seam Fastball",,"Foul Ball",,,,,,,33.926,-0.281,-1.575,2229.00,192.163,12:30,1.488,0.311,1.234,-0.737,0.548,0.123,0.670,-0.028,31.254,-5.522,-0.700,0.516,,,,,,,,,,,,-0.072,0.289,-0.258,15.240,1.469,0.870,-33.596,-0.487,-1.071,5.438,-5.506,"Coe College","Coe College",,,,,{D22A2FC4-F73C-405D-89C9-BEC1AF5C5D4D},0.028,0.670
157,2021/09/12,13:19:18,0,0,"Michael Bonner",{CDC5DA87-5EBD-4F9E-B587-EE3146B8B2E0},R,"Coe College","Nolan Cavanaugh",{9AFDA1EE-B1E1-4EEA-8A35-92D08D9FA3B1},R,"Coe College","Wind Up",,Top,,,,Curveball,,"Called Strike",,,,,,,29.414,5.056,-0.044,2176.00,77.173,8:30,1.318,0.403,1.002,-1.914,-0.121,-0.382,0.909,0.008,26.891,-8.384,-2.743,0.610,,,,,,,,,,,,0.188,-0.077,-0.395,15.240,1.483,0.178,-28.833,1.772,2.049,4.229,-10.650,"Coe College","Coe College",,,,,{56DB03D0-703B-47CF-B307-2C2A5D2C3ACA},-0.008,0.909
158,2021/09/12,13:19:34,0,0,"Michael Bonner",{CDC5DA87-5EBD-4F9E-B587-EE3146B8B2E0},R,"Coe College","Nolan Cavanaugh",{9AFDA1EE-B1E1-4EEA-8A35-92D08D9FA3B1},R,"Coe College","Wind Up",,Top,,,,"Four Seam Fastball",,"Foul Ball",,,,,,,34.559,1.032,-1.994,2093.00,206.717,1:0,1.499,0.225,1.167,-0.858,0.394,0.206,0.944,-0.156,31.906,-5.041,-0.534,0.508,,,,,,,,,,,,-0.115,0.198,-0.157,15.240,1.524,1.095,-34.167,0.222,-1.779,5.311,-6.738,"Coe College","Coe College",,,,,{262B8A5E-2116-4FEA-8822-5DD4C194E040},0.156,0.944
159,2021/09/12,13:19:55,0,0,"Michael Bonner",{CDC5DA87-5EBD-4F9E-B587-EE3146B8B2E0},R,"Coe College","Nolan Cavanaugh",{9AFDA1EE-B1E1-4EEA-8A35-92D08D9FA3B1},R,"Coe College","Wind Up",,Top,,,,Curveball,,"Swinging Strikeout",,,,,,,30.728,4.062,-3.426,2168.00,47.284,7:30,0.932,0.757,1.022,-1.944,-0.312,-0.285,0.196,-0.545,28.015,-9.622,-5.440,0.586,,,,,,,,,,,,0.115,-0.161,-0.622,15.240,1.058,1.923,-30.135,1.330,1.353,5.134,-11.699,"Coe College","Coe College",,,,,{5C6DE897-9A9E-4AD5-8248-8A06DF409AE8},0.545,0.196
160,2021/09/12,13:21:40,0,0,"Jordan Joselit",{D304CF23-C8A4-483D-9EAF-266F496CC647},R,"Coe College","Daniel Hawes",{FA841584-9742-4351-A30A-4D84AAB259FD},R,"Coe College","Wind Up",,Bottom,,,,Curveball,,Ball,,,,,,,30.517,4.420,0.304,2034.00,63.799,8:15,1.295,0.504,1.372,-1.749,-0.183,-0.316,0.832,0.276,28.203,-8.115,-1.976,0.570,,,,,,,,,,,,0.164,-0.109,-0.511,15.240,1.417,-0.043,-30.201,1.686,1.972,4.506,-11.117,"Coe College","Coe College",,,,,{EDA1A86B-0A50-40CF-A97A-E578C461409B},-0.276,0.832
161,2021/09/12,13:21:56,0,0,"Jordan Joselit",{D304CF23-C8A4-483D-9EAF-266F496CC647},R,"Coe College","Daniel Hawes",{FA841584-9742-4351-A30A-4D84AAB259FD},R,"Coe College","Wind Up",,Bottom,,,,"Four Seam Fastball",,"Foul Ball",,,,,,,36.300,0.038,-2.377,2158.00,231.828,1:45,1.292,0.348,1.559,-0.715,0.368,0.482,0.588,0.146,33.633,-5.130,1.111,0.472,,,,,,,,,,,,-0.265,0.197,-0.284,15.240,1.287,1.294,-35.906,-0.268,-4.554,5.656,-6.418,"Coe College","Coe College",,,,,{33EE6AE6-E873-4B5F-9838-82E108BFE832},-0.146,0.588
162,2021/09/12,13:22:16,0,0,"Jordan Joselit",{D304CF23-C8A4-483D-9EAF-266F496CC647},R,"Coe College","Daniel Hawes",{FA841584-9742-4351-A30A-4D84AAB259FD},R,"Coe College","Wind Up",,Bottom,,,,Curveball,,Single,,,,,,,30.449,3.453,-1.828,2152.00,73.918,8:30,1.387,0.410,1.307,-1.695,-0.104,-0.164,0.701,-0.287,27.617,-8.751,-3.016,0.580,26.864,24.304,21.057,,,,,52.184,,,2.598,0.069,-0.052,-0.347,15.240,1.482,1.020,-30.030,1.180,0.806,5.364,-10.411,"Coe College","Coe College",,,,,{5E6EE85C-BBEF-4BAB-B51D-3048F012E13E},0.287,0.701
163,2021/09/12,13:22:50,0,0,"Jordan Joselit",{D304CF23-C8A4-483D-9EAF-266F496CC647},R,"Coe College","Gavin Guns",{5BEB1002-521D-49A3-A37D-35A7C73A3180},R,"Coe College","Wind Up",,Bottom,,,,Curveball,,Ball,,,,,,,29.807,3.087,-1.992,2048.00,89.348,9:0,1.452,0.560,1.284,-1.757,-0.099,-0.407,0.598,-0.429,26.625,-9.657,-4.965,0.598,,,,,,,,,,,,0.190,-0.032,-0.488,15.240,1.535,1.170,-29.391,0.949,2.067,6.078,-10.156,"Coe College","Coe College",,,,,{D53A8352-EE19-4D5E-8B39-9D9A319850A4},0.429,0.598
164,2021/09/12,13:23:06,0,0,"Jordan Joselit",{D304CF23-C8A4-483D-9EAF-266F496CC647},R,"Coe College","Gavin Guns",{5BEB1002-521D-49A3-A37D-35A7C73A3180},R,"Coe College","Wind Up",,Bottom,,,,"Four Seam Fastball",,"Contact Out",,,,,,,36.391,-0.266,-2.243,1984.00,242.554,2:0,1.344,0.370,1.543,-0.933,0.144,0.342,0.335,0.067,33.146,-7.060,0.262,0.476,34.270,11.708,11.862,,,,,47.430,,,1.655,-0.196,0.095,-0.308,15.240,1.328,1.270,-35.963,-0.545,-3.302,7.134,-8.204,"Coe College","Coe College",,,,,{F1EC0C75-6CFB-4AEC-8728-55C02FAA9739},-0.067,0.335
165,2021/09/12,13:23:37,0,0,"Jordan Joselit",{D304CF23-C8A4-483D-9EAF-266F496CC647},R,"Coe College","Ryan Davis",{085A7B23-945D-4FAE-AE6C-E8B9B27C0A9B},R,"Coe College","Wind Up",,Bottom,,,,Curveball,,"Called Strike",,,,,,,29.521,4.191,-0.614,2098.00,38.555,7:15,1.279,0.415,1.457,-2.008,-0.341,-0.229,0.484,0.009,26.953,-10.341,-2.283,0.592,,,,,,,,,,,,0.114,-0.182,-0.394,15.240,1.387,0.389,-29.099,1.450,1.251,4.889,-11.804,"Coe College","Coe College",,,,,{1E684054-F4F7-465C-B285-B64DC13609B7},-0.009,0.484
166,2021/09/12,13:23:53,0,0,"Jordan Joselit",{D304CF23-C8A4-483D-9EAF-266F496CC647},R,"Coe College","Ryan Davis",{085A7B23-945D-4FAE-AE6C-E8B9B27C0A9B},R,"Coe College","Wind Up",,Bottom,,,,"Four Seam Fastball",,"Swinging Strike",,,,,,,35.496,0.310,-2.889,1929.00,221.329,1:30,1.319,0.406,1.562,-0.825,0.308,0.302,0.583,-0.122,32.202,-5.716,-0.676,0.488,,,,,,,,,,,,-0.180,0.178,-0.326,15.240,1.320,1.650,-35.033,-0.133,-2.879,6.778,-6.962,"Coe College","Coe College",,,,,{77DFAF85-CE40-455F-9718-6C382359D7A0},0.122,0.583
167,2021/09/12,13:24:09,0,0,"Jordan Joselit",{D304CF23-C8A4-483D-9EAF-266F496CC647},R,"Coe College","Ryan Davis",{085A7B23-945D-4FAE-AE6C-E8B9B27C0A9B},R,"Coe College","Wind Up",,Bottom,,,,Curveball,,Ball,,,,,,,30.127,5.388,-0.702,1976.00,63.727,8:0,1.297,0.519,1.479,-1.810,-0.215,-0.316,1.046,0.001,27.217,-7.799,-3.013,0.581,,,,,,,,,,,,0.159,-0.125,-0.495,15.240,1.441,0.472,-29.689,2.182,1.807,5.277,-11.230,"Coe College","Coe College",,,,,{FF8E848D-56A0-4D87-8354-6305C558A876},-0.001,1.046
168,2021/09/12,13:24:27,0,0,"Jordan Joselit",{D304CF23-C8A4-483D-9EAF-266F496CC647},R,"Coe College","Ryan Davis",{085A7B23-945D-4FAE-AE6C-E8B9B27C0A9B},R,"Coe College","Wind Up",,Bottom,,,,"Four Seam Fastball",,"Foul Ball",,,,,,,35.789,-0.898,-2.510,1991.00,224.266,1:30,1.411,0.395,1.545,-0.802,0.309,0.329,0.351,0.003,32.781,-6.726,-0.110,0.482,,,,,,,,,,,,-0.190,0.183,-0.326,15.240,1.378,1.421,-35.424,-0.877,-3.120,6.584,-6.800,"Coe College","Coe College",,,,,{40B8A5CF-DF8F-42A8-86AE-1FB512B11966},-0.003,0.351
169,2021/09/12,13:24:47,0,0,"Jordan Joselit",{D304CF23-C8A4-483D-9EAF-266F496CC647},R,"Coe College","Ryan Davis",{085A7B23-945D-4FAE-AE6C-E8B9B27C0A9B},R,"Coe College","Wind Up",,Bottom,,,,Curveball,,Double,,,,,,,30.413,2.087,0.927,2141.00,103.398,9:30,1.348,0.399,1.314,-1.530,0.055,-0.427,0.427,0.242,27.841,-8.891,-2.155,0.577,37.583,14.179,-39.178,,,,,63.400,,,2.137,0.225,0.036,-0.424,15.240,1.399,-0.327,-30.085,0.523,2.646,5.051,-9.381,"Coe College","Coe College",,,,,{93A95423-70DB-4E47-B19F-5DA78F06B3D9},-0.242,0.427
170,2021/09/12,13:25:25,0,0,"Jordan Joselit",{D304CF23-C8A4-483D-9EAF-266F496CC647},R,"Coe College","Colby Adams",{1E279167-8BC0-4859-948A-D98C18B1805A},R,"Coe College","Wind Up",,Bottom,,,,"Four Seam Fastball",,"Swinging Strike",,,,,,,36.103,0.190,-1.376,2079.00,200.158,12:45,1.416,0.376,1.583,-0.493,0.602,0.232,0.977,0.213,32.734,-3.417,0.322,0.479,,,,,,,,,,,,-0.132,0.331,-0.339,15.240,1.416,0.764,-35.610,-0.076,-2.185,6.765,-4.323,"Coe College","Coe College",,,,,{3C64AA01-5E1F-41B6-BB97-F0A23C4DE96E},-0.213,0.977
171,2021/09/12,13:25:38,0,0,"Jordan Joselit",{D304CF23-C8A4-483D-9EAF-266F496CC647},R,"Coe College","Colby Adams",{1E279167-8BC0-4859-948A-D98C18B1805A},R,"Coe College","Wind Up",,Bottom,,,,"Four Seam Fastball",,,,,,,,,36.005,-1.022,-2.910,1841.00,206.417,1:0,1.356,0.413,1.542,-0.519,0.582,0.302,0.542,-0.123,32.925,-4.795,-0.713,0.479,,,,,,,,,,,,-0.178,0.325,-0.331,15.240,1.321,1.688,-35.594,-0.845,-2.955,6.436,-4.405,"Coe College","Coe College",,,,,{0622EC31-C47E-44CB-959B-278083B30B7D},0.123,0.542
172,2021/09/12,13:25:51,0,0,"Jordan Joselit",{D304CF23-C8A4-483D-9EAF-266F496CC647},R,"Coe College","Colby Adams",{1E279167-8BC0-4859-948A-D98C18B1805A},R,"Coe College","Wind Up",,Bottom,,,,Curveball,,"Contact Out",,,,,,,30.604,3.688,-0.409,2144.00,47.658,7:30,1.340,0.302,1.237,-1.852,-0.268,-0.257,0.568,-0.074,28.250,-9.483,-2.249,0.574,31.564,5.083,10.641,,,,,24.157,,,0.835,0.127,-0.144,-0.285,15.240,1.443,0.317,-30.251,1.225,1.524,4.724,-11.533,"Coe College","Coe College",,,,,{D9D2F555-7C99-429F-AE63-F35249165303},0.074,0.568
173,2021/09/12,13:26:24,0,0,"Jordan Joselit",{D304CF23-C8A4-483D-9EAF-266F496CC647},R,"Coe College","Nico Catan",{30C94C37-7E2F-41DA-8D1C-D1BAFA10A6DB},L,"Coe College","Wind Up",,Bottom,,,,"Four Seam Fastball",,"Swinging Strike",,,,,,,36.903,-0.748,-2.102,2182.00,203.393,12:45,1.402,0.448,1.611,-0.523,0.518,0.233,0.664,0.079,33.842,-4.560,-0.404,0.465,,,,,,,,,,,,-0.136,0.288,-0.392,15.240,1.376,1.246,-36.478,-0.686,-2.390,6.503,-4.752,"Coe College","Coe College",,,,,{2D83E0E1-814D-4022-820A-EDA9FD674AF7},-0.079,0.664
174,2021/09/12,13:26:41,0,0,"Jordan Joselit",{D304CF23-C8A4-483D-9EAF-266F496CC647},R,"Coe College","Nico Catan",{30C94C37-7E2F-41DA-8D1C-D1BAFA10A6DB},L,"Coe College","Wind Up",,Bottom,,,,"Four Seam Fastball",,Ball,,,,,,,36.222,1.169,-1.535,2022.00,343.016,5:30,1.118,0.349,1.607,-1.337,-0.259,0.075,0.116,-0.015,33.744,-8.495,-0.991,0.472,,,,,,,,,,,,-0.049,-0.136,-0.307,15.240,1.139,0.932,-35.883,0.202,-0.829,5.878,-12.127,"Coe College","Coe College",,,,,{6ED02CB9-E289-4D0E-A173-A50E347DFDF1},0.015,0.116
175,2021/09/12,13:27:10,0,0,"Jordan Joselit",{D304CF23-C8A4-483D-9EAF-266F496CC647},R,"Coe College","Nico Catan",{30C94C37-7E2F-41DA-8D1C-D1BAFA10A6DB},L,"Coe College","Wind Up",,Bottom,,,,"Four Seam Fastball",,"Called Strike",,,,,,,36.479,-0.981,-0.477,2149.00,202.047,12:45,1.413,0.360,1.518,-0.479,0.595,0.249,0.652,0.471,33.534,-4.447,1.330,0.472,,,,,,,,,,,,-0.133,0.327,-0.348,15.240,1.380,0.197,-36.121,-0.818,-2.285,6.333,-4.185,"Coe College","Coe College",,,,,{4FB98254-79AC-49AB-B5EA-89EDCEEA51AA},-0.471,0.652
176,2021/09/12,13:27:22,0,0,"Jordan Joselit",{D304CF23-C8A4-483D-9EAF-266F496CC647},R,"Coe College","Nico Catan",{30C94C37-7E2F-41DA-8D1C-D1BAFA10A6DB},L,"Coe College","Wind Up",,Bottom,,,,"Four Seam Fastball",,Ball,,,,,,,36.486,1.359,-0.151,2108.00,182.533,12:0,1.332,0.526,1.367,-0.455,0.639,0.029,1.272,0.512,33.253,-1.921,0.061,0.478,,,,,,,,,,,,-0.016,0.332,-0.522,15.240,1.370,0.082,-36.073,0.654,-0.275,6.644,-4.140,"Coe College","Coe College",,,,,{5C1DDDF3-5975-4A5A-A58D-1D428B709BAB},-0.512,1.272
177,2021/09/12,13:27:34,0,0,"Jordan Joselit",{D304CF23-C8A4-483D-9EAF-266F496CC647},R,"Coe College","Nico Catan",{30C94C37-7E2F-41DA-8D1C-D1BAFA10A6DB},L,"Coe College","Wind Up",,Bottom,,,,Curveball,,"Contact Out",,,,,,,31.318,2.452,0.041,2151.00,75.564,8:30,1.392,0.447,1.385,-1.616,-0.142,-0.405,0.488,0.054,28.902,-9.160,-2.888,0.555,32.508,27.124,-17.544,,,,,80.494,,,3.617,0.209,-0.071,-0.444,15.240,1.452,0.131,-31.073,0.721,2.629,5.180,-10.705,"Coe College","Coe College",,,,,{FEA907E5-7910-4DE5-87FA-55D910821ED2},-0.054,0.488
